issn,name,qualis
1751-7575,ENTERPRISE INFORMATION SYSTEMS (PRINT),A1
0301-4207,RESOURCES POLICY,A1
1932-8184,IEEE SYSTEMS JOURNAL,A1
1934-3396,CURRENT PROTOCOLS IN BIOINFORMATICS,A2
1935-2735,PLOS NEGLECTED TROPICAL DISEASES (ONLINE),A1
0144-929X,BEHAVIOUR & INFORMATION TECHNOLOGY (PRINT),A1
1548-7660,JOURNAL OF STATISTICAL SOFTWARE,A1
0930-7575,CLIMATE DYNAMICS,A1
0733-8724,JOURNAL OF LIGHTWAVE TECHNOLOGY (PRINT),A2
1569-190X,SIMULATION MODELLING PRACTICE AND THEORY,A1
1545-2255,STRUCTURAL CONTROL & HEALTH MONITORING (PRINT),A1
0167-739X,FUTURE GENERATION COMPUTER SYSTEMS,A1
1350-1917,INFORMATION SYSTEMS JOURNAL,A1
0925-7535,SAFETY SCIENCE,A1
0029-5981,INTERNATIONAL JOURNAL FOR NUMERICAL METHODS IN ENGINEERING (PRINT),A2
0020-7225,INTERNATIONAL JOURNAL OF ENGINEERING SCIENCE,A1
1562-2479,INTERNATIONAL JOURNAL OF FUZZY SYSTEMS,A1
0963-8687,JOURNAL OF STRATEGIC INFORMATION SYSTEMS,A1
1874-8961,MATHEMATICAL GEOSCIENCES,A1
0034-4257,REMOTE SENSING OF ENVIRONMENT,A1
0306-4573,INFORMATION PROCESSING & MANAGEMENT,A1
0165-5515,JOURNAL OF INFORMATION SCIENCE,A1
1389-0417,COGNITIVE SYSTEMS RESEARCH,A1
1610-1928,ACUSTICA UNITED WITH ACTA ACUSTICA,A1
1083-4427,"IEEE TRANSACTIONS ON SYSTEMS, MAN AND CYBERNETICS. PART A. SYSTEMS AND HUMANS",A1
1071-5819,INTERNATIONAL JOURNAL OF HUMAN-COMPUTER STUDIES (PRINT),A1
1549-960X,JOURNAL OF CHEMICAL INFORMATION AND MODELING (ONLINE),A1
1424-8220,SENSORS (BASEL),A2
0959-3845,INFORMATION TECHNOLOGY AND PEOPLE,A1
1672-9072,JOURNAL OF INTEGRATIVE PLANT BIOLOGY (PRINT),A1
1571-0645,PHYSICS OF LIFE REVIEWS (PRINT),A1
0022-460X,JOURNAL OF SOUND AND VIBRATION,A1
0167-4412,PLANT MOLECULAR BIOLOGY,A1
0010-4655,COMPUTER PHYSICS COMMUNICATIONS,A1
0021-9991,JOURNAL OF COMPUTATIONAL PHYSICS (PRINT),A1
0020-7128,INTERNATIONAL JOURNAL OF BIOMETEOROLOGY (PRINT),A2
0041-624X,ULTRASONICS (GUILDFORD),A1
1384-5810,DATA MINING AND KNOWLEDGE DISCOVERY,A1
1573-756X,DATA MINING AND KNOWLEDGE DISCOVERY (DORDRECHT. ONLINE),A1
0924-4247,"SENSORS AND ACTUATORS. A, PHYSICAL",A1
0001-0782,COMMUNICATIONS OF THE ACM,A1
0957-5820,PROCESS SAFETY AND ENVIRONMENTAL PROTECTION,A1
0092-8240,BULLETIN OF MATHEMATICAL BIOLOGY (PRINT),A1
0951-8320,RELIABILITY ENGINEERING & SYSTEMS SAFETY,A1
0924-8463,ARTIFICIAL INTELLIGENCE AND LAW (DORDRECHT. PRINT),A1
0003-6870,APPLIED ERGONOMICS,A1
1535-9484,MOLECULAR & CELLULAR PROTEOMICS (ONLINE),A1
0894-0282,MOLECULAR PLANT-MICROBE INTERACTIONS,A2
0305-1048,NUCLEIC ACIDS RESEARCH,A1
1467-6370,INTERNATIONAL JOURNAL OF SUSTAINABILITY IN HIGHER EDUCATION,A1
1867-0202,BUSINESS & INFORMATION SYSTEMS ENGINEERING,A1
1551-3203,IEEE TRANSACTIONS ON INDUSTRIAL INFORMATICS,A1
1360-2357,EDUCATION AND INFORMATION TECHNOLOGIES,A1
1094-6705,JOURNAL OF SERVICE RESEARCH,A1
1463-7154,BUSINESS PROCESS MANAGEMENT JOURNAL,A1
1435-5558,"COGNITION, TECHNOLOGY & WORK (PRINT)",A1
0967-0769,INTERNATIONAL JOURNAL OF LAW AND INFORMATION TECHNOLOGY,A1
1614-2942,TREE GENETICS & GENOMES (PRINT),A2
1574-020X,LANGUAGE RESOURCES AND EVALUATION,A1
1049-4820,INTERACTIVE LEARNING ENVIRONMENTS,A1
1554-351X,BEHAVIOR RESEARCH METHODS,A1
0040-1625,TECHNOLOGICAL FORECASTING & SOCIAL CHANGE,A1
0740-624X,GOVERNMENT INFORMATION QUARTERLY,A1
0300-5771,INTERNATIONAL JOURNAL OF EPIDEMIOLOGY,A1
0278-6125,JOURNAL OF MANUFACTURING SYSTEMS,A1
1530-437X,IEEE SENSORS JOURNAL,A1
0308-521X,AGRICULTURAL SYSTEMS,A1
0263-8223,COMPOSITE STRUCTURES,A1
0018-9448,IEEE TRANSACTIONS ON INFORMATION THEORY,A2
1386-4564,INFORMATION RETRIEVAL (BOSTON),A2
0020-0255,INFORMATION SCIENCES,A1
0197-2243,INFORMATION SOCIETY,A1
0969-9988,ENGINEERING CONSTRUCTION AND ARCHITECTURAL MANAGEMENT (PRINT),A1
0263-2241,MEASUREMENT (LONDON. PRINT),A1
0013-9580,EPILEPSIA (COPENHAGEN),A1
0940-1334,EUROPEAN ARCHIVES OF PSYCHIATRY AND CLINICAL NEUROSCIENCE,A1
1387-3326,INFORMATION SYSTEMS FRONTIERS (PRINT),A1
0924-9338,EUROPEAN PSYCHIATRY (PARIS),A1
1460-7425,JASSS (GUILDFORD),A1
0141-0296,ENGINEERING STRUCTURES,A1
0021-9746,JOURNAL OF CLINICAL PATHOLOGY,A1
0266-3538,COMPOSITES SCIENCE AND TECHNOLOGY,A1
0167-7799,TRENDS IN BIOTECHNOLOGY (REGULAR ED.),A1
1520-9210,IEEE TRANSACTIONS ON MULTIMEDIA,A1
1461-4448,NEW MEDIA AND SOCIETY,A1
0032-0889,PLANT PHYSIOLOGY (BETHESDA),A1
0032-0935,PLANTA (HEIDELBERG,A1
0938-7994,EUROPEAN RADIOLOGY,A1
0278-0062,IEEE TRANSACTIONS ON MEDICAL IMAGING (PRINT),A1
0270-6474,THE JOURNAL OF NEUROSCIENCE,A2
0920-4105,JOURNAL OF PETROLEUM SCIENCE & ENGINEERING,A1
1435-604X,LASERS IN MEDICAL SCIENCE (INTERNET),A2
0897-1889,JOURNAL OF DIGITAL IMAGING,A1
1618-727X,JOURNAL OF DIGITAL IMAGING (INTERNET),A1
0163-6804,IEEE COMMUNICATIONS MAGAZINE (PRINT),A1
1545-598X,IEEE GEOSCIENCE AND REMOTE SENSING LETTERS (PRINT),A2
1361-8415,MEDICAL IMAGE ANALYSIS (PRINT),A1
1070-9908,IEEE SIGNAL PROCESSING LETTERS,A1
0018-9251,IEEE TRANSACTIONS ON AEROSPACE AND ELECTRONIC SYSTEMS,A1
0018-9286,IEEE TRANSACTIONS ON AUTOMATIC CONTROL (PRINT),A1
1545-5955,IEEE TRANSACTIONS ON AUTOMATION SCIENCE AND ENGINEERING,A1
1063-6536,IEEE TRANSACTIONS ON CONTROL SYSTEMS TECHNOLOGY (PRINT),A1
0018-9359,IEEE TRANSACTIONS ON EDUCATION,A1
0196-2892,IEEE TRANSACTIONS ON GEOSCIENCE AND REMOTE SENSING,A1
0093-9994,IEEE TRANSACTIONS ON INDUSTRY APPLICATIONS,A1
1041-4347,IEEE TRANSACTIONS ON KNOWLEDGE AND DATA ENGINEERING (PRINT),A1
0885-8977,IEEE TRANSACTIONS ON POWER DELIVERY,A2
0018-9529,IEEE TRANSACTIONS ON RELIABILITY,A1
0018-9545,IEEE TRANSACTIONS ON VEHICULAR TECHNOLOGY,A1
1865-9284,MEMETIC COMPUTING,A1
0885-3185,MOVEMENT DISORDERS,A1
0223-5234,EUROPEAN JOURNAL OF MEDICINAL CHEMISTRY,A1
1053-8119,"NEUROIMAGE (ORLANDO, FLA. PRINT)",A1
1943-3921,"ATTENTION, PERCEPTION & PSYCHOPHYSICS (PRINT)",A1
1754-3266,"INTERNATIONAL JOURNAL OF FASHION DESIGN, TECHNOLOGY AND EDUCATION",A1
0360-1315,COMPUTERS AND EDUCATION,A1
1749-4680,COMPUTATIONAL SCIENCE & DISCOVERY,A1
0928-4931,"MATERIALS SCIENCE & ENGINEERING. C, BIOMIMETIC MATERIALS, SENSORS AND SYSTEMS (PRINT)",A1
0033-8419,RADIOLOGY,A1
1553-877X,IEEE COMMUNICATIONS SURVEYS AND TUTORIALS,A1
1943-0620,JOURNAL OF OPTICAL COMMUNICATIONS AND NETWORKING (PRINT),A1
0018-9219,PROCEEDINGS OF THE IEEE,A1
1471-2105,BMC BIOINFORMATICS,A1
1367-4803,BIOINFORMATICS (OXFORD. PRINT),A1
1467-5463,BRIEFINGS IN BIOINFORMATICS,A1
0010-4825,COMPUTERS IN BIOLOGY AND MEDICINE,A1
1545-5963,IEEE/ACM TRANSACTIONS ON COMPUTATIONAL BIOLOGY AND BIOINFORMATICS (PRINT),A1
0896-6273,"NEURON (CAMBRIDGE, MASS.)",A1
0142-0615,INTERNATIONAL JOURNAL OF ELECTRICAL POWER & ENERGY SYSTEMS,A1
1049-8923,INTERNATIONAL JOURNAL OF ROBUST AND NONLINEAR CONTROL (PRINT),A2
1070-9932,IEEE ROBOTICS & AUTOMATION MAGAZINE,A2
0263-5747,ROBOTICA (CAMBRIDGE. PRINT),A1
0921-8890,ROBOTICS AND AUTONOMOUS SYSTEMS (PRINT),A1
0736-5845,ROBOTICS AND COMPUTER-INTEGRATED MANUFACTURING,A1
0965-9978,ADVANCES IN ENGINEERING SOFTWARE,A1
0965-9978,ADVANCES IN ENGINEERING SOFTWARE,A1
1134-3060,ARCHIVES OF COMPUTATIONAL METHODS IN ENGINEERING,A1
1568-4946,APPLIED SOFT COMPUTING (PRINT),A1
0045-7825,COMPUTER METHODS IN APPLIED MECHANICS AND ENGINEERING,A1
0045-7906,COMPUTERS & ELECTRICAL ENGINEERING,A2
0045-7930,COMPUTERS & FLUIDS,A2
0360-8352,COMPUTERS & INDUSTRIAL ENGINEERING,A1
0967-0661,CONTROL ENGINEERING PRACTICE,A1
0177-0667,ENGINEERING WITH COMPUTERS,A1
1069-2509,INTEGRATED COMPUTER-AIDED ENGINEERING,A1
0951-192X,INTERNATIONAL JOURNAL OF COMPUTER INTEGRATED MANUFACTURING (PRINT),A1
1939-1374,IEEE TRANSACTION ON SERVICES COMPUTING,A1
1524-9050,IEEE TRANSACTIONS ON INTELLIGENT TRANSPORTATION SYSTEMS (PRINT),A1
1436-4522,EDUCATIONAL TECHNOLOGY & SOCIETY,A1
1176-3647,JOURNAL OF EDUCATIONAL TECHNOLOGY & SOCIETY,A1
1552-4922,CYTOMETRY. PART A,A1
1534-5807,DEVELOPMENTAL CELL,A1
1615-147X,STRUCTURAL AND MULTIDISCIPLINARY OPTIMIZATION (PRINT),A1
0160-791X,TECHNOLOGY IN SOCIETY,A1
0098-5589,IEEE TRANSACTIONS ON SOFTWARE ENGINEERING,A2
0950-5849,INFORMATION AND SOFTWARE TECHNOLOGY (IST),A1
0167-5877,PREVENTIVE VETERINARY MEDICINE (PRINT),A1
1089-7798,IEEE COMMUNICATIONS LETTERS (PRINT),A1
0733-8716,IEEE JOURNAL ON SELECTED AREAS IN COMMUNICATIONS (PRINT),A1
0090-6778,IEEE TRANSACTIONS ON COMMUNICATIONS (PRINT),A1
1536-1276,IEEE TRANSACTIONS ON WIRELESS COMMUNICATIONS,A1
1536-1284,IEEE WIRELESS COMMUNICATIONS,A1
0924-1868,USER MODELING AND USER-ADAPTED INTERACTION,A1
0277-9536,SOCIAL SCIENCE & MEDICINE (1982),A1
1046-8188,ACM TRANSACTIONS ON INFORMATION SYSTEMS,A1
0026-1270,METHODS OF INFORMATION IN MEDICINE,A2
0166-3615,COMPUTERS IN INDUSTRY,A1
0925-5273,INTERNATIONAL JOURNAL OF PRODUCTION ECONOMICS,A1
0959-6526,JOURNAL OF CLEANER PRODUCTION,A1
1935-8237,FOUNDATIONS AND TRENDS IN MACHINE LEARNING,A1
0164-1212,THE JOURNAL OF SYSTEMS AND SOFTWARE (JSS),A2
1046-6673,JOURNAL OF THE AMERICAN SOCIETY OF NEPHROLOGY : JASN,A1
0033-5177,QUALITY AND QUANTITY,A1
0303-8300,SOCIAL INDICATORS RESEARCH,A1
1866-9956,COGNITIVE COMPUTATION (PRINT),A2
1867-2949,MATHEMATICAL PROGRAMMING COMPUTATION,A1
0747-5632,COMPUTERS IN HUMAN BEHAVIOR,A1
1044-7318,INTERNATIONAL JOURNAL OF HUMAN-COMPUTER INTERACTION ,A1
1560-4292,INTERNATIONAL JOURNAL OF ARTIFICIAL INTELLIGENCE IN EDUCATION (PRINT),A1
1019-6781,ELECTRONIC MARKETS,A1
1086-4415,INTERNATIONAL JOURNAL OF ELECTRONIC COMMERCE,A1
1939-1382,IEEE TRANSACTIONS ON LEARNING TECHNOLOGIES,A1
1933-1681,JOURNAL OF INFORMATION TECHNOLOGY AND POLITICS,A1
1949-3053,IEEE TRANSACTIONS ON SMART GRID,A1
1877-7503,JOURNAL OF COMPUTATIONAL SCIENCE,A2
2040-7939,INTERNATIONAL JOURNAL FOR NUMERICAL METHODS IN BIOMEDICAL ENGINEERING (PRINT),A2
1662-5196,FRONTIERS IN NEUROINFORMATICS,A2
2152-2715,"CYBERPSYCHOLOGY, BEHAVIOR, AND SOCIAL NETWORKING",A1
1949-3045,IEEE TRANSACTIONS ON AFFECTIVE COMPUTING,A1
1869-5450,SOCIAL NETWORK ANALYSIS AND MINING,A2
1869-5469,SOCIAL NETWORK ANALYSIS AND MINING,A2
2041-1723,NATURE COMMUNICATIONS,A1
1946-6226,ACM TRANSACTIONS ON COMPUTING EDUCATION,A1
1753-8947,INTERNATIONAL JOURNAL OF DIGITAL EARTH,A1
1758-0463,DATABASE: THE JOURNAL OF BIOLOGICAL DATABASES AND CURATION,A1
2157-6904,ACM TRANSACTIONS ON INTELLIGENT SYSTEMS AND TECHNOLOGY,A1
2210-6707,SUSTAINABLE CITIES AND SOCIETY,A1
1744-5175,COMPUTER SCIENCE EDUCATION,A1
2210-5379,SUSTAINABLE COMPUTING: INFORMATICS AND SYSTEMS,A2
2156-3357,IEEE JOURNAL ON EMERGING AND SELECTED TOPICS IN CIRCUITS AND SYSTEMS,A1
1974-9821,INTERNATIONAL REVIEW ON MODELLING AND SIMULATIONS,A1
0103-3786,TRANSINFORMAÇÃO,A4
2210-6502,SWARM AND EVOLUTIONARY COMPUTATION,A1
1948-5506,SOCIAL PSYCHOLOGICAL AND PERSONALITY SCIENCE,A1
1570-5838,APPLIED ONTOLOGY,A1
1875-8533,APPLIED ONTOLOGY (ONLINE),A1
1369-118X,"INFORMATION, COMMUNICATION & SOCIETY",A1
0906-7590,ECOGRAPHY (COPENHAGEN),A1
0925-8574,ECOLOGICAL ENGINEERING,A1
0270-4137,THE PROSTATE (PRINT),A1
0927-0256,COMPUTATIONAL MATERIALS SCIENCE,A1
1463-5771,BENCHMARKING,A1
0308-5961,TELECOMMUNICATIONS POLICY,A1
0191-2615,"TRANSPORTATION RESEARCH, SERIES B: METHODOLOGICAL",A1
0968-090X,"TRANSPORTATION RESEARCH. PART C, EMERGING TECHNOLOGIES",A1
0736-5853,TELEMATICS AND INFORMATICS,A1
1366-5545,"TRANSPORTATION RESEARCH. PART E, LOGISTICS AND TRANSPORTATION REVIEW",A1
0041-1655,TRANSPORTATION SCIENCE,A1
1532-4435,JOURNAL OF MACHINE LEARNING RESEARCH,A1
0888-3270,MECHANICAL SYSTEMS AND SIGNAL PROCESSING,A1
0957-4158,MECHATRONICS (OXFORD),A2
1991-9603,GEOSCIENTIFIC MODEL DEVELOPMENT,A1
1757-7012,WILEY INTERDISCIPLINARY REVIEWS: RNA,A1
2150-8097,PROCEEDINGS OF THE VLDB ENDOWNMENT,A2
1570-1255,INFORMATION POLITY,A3
2045-2322,SCIENTIFIC REPORTS,A1
2073-8994,SYMMETRY,A1
2162-2337,IEEE WIRELESS COMMUNICATIONS LETTERS,A1
2279-7254,EUROPEAN JOURNAL OF REMOTE SENSING,A1
2213-1582,NEUROIMAGE: CLINICAL,A2
1942-4787,WILEY INTERDISCIPLINARY REVIEWS: DATA MINING AND KNOWLEDGE DISCOVERY,A1
2212-8689,INTERNATIONAL JOURNAL OF CHILD-COMPUTER INTERACTION,A1
2162-237X,IEEE TRANSACTIONS ON NEURAL NETWORKS AND LEARNING SYSTEMS,A1
2158-2440,SAGE OPEN,A1
2168-2194,IEEE JOURNAL OF BIOMEDICAL AND HEALTH INFORMATICS,A1
2168-2216,"IEEE TRANSACTIONS ON SYSTEMS, MAN, AND CYBERNETICS: SYSTEMS",A1
2168-2267,IEEE TRANSACTIONS ON CYBERNETICS,A1
2047-7538,LIGHT: SCIENCE & APPLICATIONS,A1
2330-1643,JOURNAL OF THE ASSOCIATION FOR INFORMATION SCIENCE AND TECHNOLOGY,A1
2212-0963,CLIMATE RISK MANAGEMENT,A1
2214-2096,VEHICULAR COMMUNICATIONS,A1
2214-2134,JOURNAL OF INFORMATION SECURITY AND APPLICATIONS,A1
2327-4662,IEEE INTERNET OF THINGS JOURNAL,A1
2168-7161,IEEE TRANSACTIONS ON CLOUD COMPUTING,A1
2168-6750,IEEE TRANSACTIONS ON EMERGING TOPICS IN COMPUTING,A1
2192-1962,HUMAN-CENTRIC COMPUTING AND INFORMATION SCIENCES,A1
2329-924X,IEEE TRANSACTIONS ON COMPUTATIONAL SOCIAL SYSTEMS,A1
2329-9290,"IEEE/ACM TRANSACTIONS ON AUDIO, SPEECH AND LANGUAGE PROCESSING",A1
2325-6095,IEEE CLOUD COMPUTING,A1
2169-3536,IEEE ACCESS,A1
1741-5659,INTERACTIVE TECHNOLOGY AND SMART EDUCATION,A1
1319-1578,JOURNAL OF KING SAUD UNIVERSITY - COMPUTER AND INFORMATION SCIENCES (Open Access),A2
2049-9957,INFECTIOUS DISEASES OF POVERTY,A1
2193-1127,EPJ DATA SCIENCE,A1
2056-4880,INTERNATIONAL JOURNAL OF INFORMATION AND LEARNING TECHNOLOGY,A2
2047-217X,GIGASCIENCE (ONLINE),A1
2054-5703,ROYAL SOCIETY OPEN SCIENCE,A1
2052-4463,SCIENTIFIC DATA,A1
2365-9440,INTERNATIONAL JOURNAL OF EDUCATIONAL TECHNOLOGY IN HIGHER EDUCATION,A1
2161-7856,"GAMES FOR HEALTH: RESEARCH, DEVELOPMENT, AND CLINICAL APPLICATIONS",A1
2083-2567,JOURNAL OF ARTIFICIAL INTELLIGENCE AND SOFT COMPUTING RESEARCH,A1
2214-3173,INFORMATION PROCESSING IN AGRICULTURE,A1
2468-5925,DIGITAL COMMUNICATIONS AND NETWORKS,A1
2056-6387,NPJ QUANTUM INFORMATION,A1
2224-2708,JOURNAL OF SENSOR AND ACTUATOR NETWORKS,A1
2542-4351,JOULE,A1
2405-9595,ICT EXPRESS,A1
2470-0045,PHYSICAL REVIEW E,A1
2470-0045,"PHYSICAL REVIEW. E, STATISTICAL, NONLINEAR, AND SOFT MATTER PHYSICS (PRINT)",A1
2311-553X,NON-CODING RNA,A2
2210-8327,APPLIED COMPUTING AND INFORMATICS,A1
2058-9565,QUANTUM SCIENCE AND TECHNOLOGY,A1
2327-0039,JOURNAL OF MANAGEMENT ANALYTICS,A1
2199-8531,"JOURNAL OF OPEN INNOVATION: TECHNOLOGY, MARKET, AND COMPLEXITY",A1
2227-9709,INFORMATICS,A2
2059-7908,BMJ GLOBAL HEALTH (Open Access),A1
2377-3766,IEEE ROBOTICS AND AUTOMATION LETTERS,A1
2364-1185,DATA SCIENCE AND ENGINEERING,A2
2468-6964,ONLINE SOCIAL NETWORKS AND MEDIA,A1
2573-0142,PROCEEDINGS OF THE ACM ON HUMAN-COMPUTER INTERACTION,A1
2049-8772,INFORMATION AND INFERENCE,A1
1929-7750,JOURNAL OF LEARNING ANALYTICS,A1
2471-2825,IEEE COMMUNICATIONS STANDARDS MAGAZINE,A1
2468-6557,CAAI TRANSACTIONS ON INTELLIGENCE TECHNOLOGY,A1
2471-285X,IEEE TRANSACTIONS ON EMERGING TOPICS IN COMPUTATIONAL INTELLIGENCE,A1
2522-5839,NATURE MACHINE INTELLIGENCE,A1
2521-327X,QUANTUM (Open Access),A1
2364-415X,INTERNATIONAL JOURNAL OF DATA SCIENCE AND ANALYTICS,A2
2504-446X,DRONES (Open Access),A2
2291-9279,JMIR SERIOUS GAMES,A1
2369-2960,JMIR PUBLIC HEALTH AND SURVEILLANCE (Open Access),A1
2666-2825,FORENSIC SCIENCE INTERNATIONAL: DIGITAL INVESTIGATION,A1
2364-4966,GRANULAR COMPUTING,A1
2667-3053,INTELLIGENT SYSTEMS WITH APPLICATIONS,A3
2542-6605,INTERNET OF THINGS (NETHERLANDS),A1
2096-7004,DATA INTELLIGENCE (Open Access),A1
0027-8424,PROCEEDINGS OF THE NATIONAL ACADEMY OF SCIENCES OF THE UNITED STATES OF AMERICA,A1
1573-4803,JOURNAL OF MATERIALS SCIENCE (DORDRECHT. ONLINE),A2
0091-6749,JOURNAL OF ALLERGY AND CLINICAL IMMUNOLOGY,A1
0001-706X,ACTA TROPICA,A3
0025-1909,MANAGEMENT SCIENCE,A2
0928-0987,EUROPEAN JOURNAL OF PHARMACEUTICAL SCIENCES,A2
1476-072X,INTERNATIONAL JOURNAL OF HEALTH GEOGRAPHICS,A1
0013-9351,ENVIRONMENTAL RESEARCH,A1
0305-0483,OMEGA,A1
0167-9236,DECISION SUPPORT SYSTEMS,A1
0301-679X,TRIBOLOGY INTERNATIONAL,A1
1526-5471,MATHEMATICS OF OPERATIONS RESEARCH (ONLINE),A2
0160-5682,JOURNAL OF THE OPERATIONAL RESEARCH SOCIETY,A1
1617-4909,PERSONAL AND UBIQUITOUS COMPUTING (PRINT),A1
0021-9150,ATHEROSCLEROSIS (AMSTERDAM),A1
0377-2217,EUROPEAN JOURNAL OF OPERATIONAL RESEARCH,A1
0956-7135,FOOD CONTROL,A1
0009-7322,"CIRCULATION (NEW YORK, N.Y.)",A1
0143-1161,INTERNATIONAL JOURNAL OF REMOTE SENSING (PRINT),A1
0169-2070,INTERNATIONAL JOURNAL OF FORECASTING,A1
0360-0300,ACM COMPUTING SURVEYS,A1
0022-2623,JOURNAL OF MEDICINAL CHEMISTRY,A1
0272-4979,IMA JOURNAL OF NUMERICAL ANALYSIS,A1
0143-2095,STRATEGIC MANAGEMENT JOURNAL,A1
0963-9969,FOOD RESEARCH INTERNATIONAL,A1
0198-9715,"COMPUTERS, ENVIRONMENT AND URBAN SYSTEMS",A1
1364-8152,ENVIRONMENTAL MODELLING & SOFTWARE,A1
0301-4797,JOURNAL OF ENVIRONMENTAL MANAGEMENT,A1
0021-9541,JOURNAL OF CELLULAR PHYSIOLOGY (PRINT),A1
1067-5027,JOURNAL OF THE AMERICAN MEDICAL INFORMATICS ASSOCIATION,A1
0169-2607,COMPUTER METHODS AND PROGRAMS IN BIOMEDICINE (PRINT),A1
0895-6111,COMPUTERIZED MEDICAL IMAGING AND GRAPHICS,A1
0951-5666,AI & SOCIETY,A1
0004-3702,ARTIFICIAL INTELLIGENCE (GENERAL ED.),A1
1532-0464,JOURNAL OF BIOMEDICAL INFORMATICS,A2
1438-8871,JMIR. JOURNAL OF MEDICAL INTERNET RESEARCH,A1
0148-5598,JOURNAL OF MEDICAL SYSTEMS,A1
1478-3363,TOTAL QUALITY MANAGEMENT AND BUSINESS EXCELLENCE,A1
1097-6647,JOURNAL OF CARDIOVASCULAR MAGNETIC RESONANCE,A1
1532-429X,JOURNAL OF CARDIOVASCULAR MAGNETIC RESONANCE,A1
0377-0427,JOURNAL OF COMPUTATIONAL AND APPLIED MATHEMATICS,A2
1061-8600,JOURNAL OF COMPUTATIONAL AND GRAPHICAL STATISTICS,A1
0003-2670,ANALYTICA CHIMICA ACTA (PRINT),A1
0007-1013,BRITISH JOURNAL OF EDUCATIONAL TECHNOLOGY,A1
0308-8146,FOOD CHEMISTRY,A1
0933-3657,ARTIFICIAL INTELLIGENCE IN MEDICINE (PRINT),A1
0269-2821,ARTIFICIAL INTELLIGENCE REVIEW,A1
1573-7462,ARTIFICIAL INTELLIGENCE REVIEW (DORDRECHT. ONLINE),A1
1077-3142,COMPUTER VISION AND IMAGE UNDERSTANDING (PRINT),A1
0021-9584,JOURNAL OF CHEMICAL EDUCATION,A2
0192-8651,JOURNAL OF COMPUTATIONAL CHEMISTRY,A1
0952-1976,ENGINEERING APPLICATIONS OF ARTIFICIAL INTELLIGENCE,A1
0957-4174,EXPERT SYSTEMS WITH APPLICATIONS,A1
1588-2861,SCIENTOMETRICS (ONLINE),A1
0138-9130,SCIENTOMETRICS (PRINT),A1
1063-6706,IEEE TRANSACTIONS ON FUZZY SYSTEMS,A1
0162-8828,IEEE TRANSACTIONS ON PATTERN ANALYSIS AND MACHINE INTELLIGENCE,A1
0888-613X,INTERNATIONAL JOURNAL OF APPROXIMATE REASONING,A1
0920-5489,COMPUTER STANDARDS & INTERFACES,A1
0884-8173,INTERNATIONAL JOURNAL OF INTELLIGENT SYSTEMS,A1
0884-8173,INTERNATIONAL JOURNAL OF INTELLIGENT SYSTEMS (PRINT),A1
1051-2004,DIGITAL SIGNAL PROCESSING (PRINT),A2
0129-0657,INTERNATIONAL JOURNAL OF NEURAL SYSTEMS,A1
0305-0548,COMPUTERS & OPERATIONS RESEARCH,A1
0308-1087,LINEAR AND MULTILINEAR ALGEBRA,A2
0170-4214,MATHEMATICAL METHODS IN THE APPLIED SCIENCES,A1
0030-1299,OIKOS (KOBENHAVN),A2
0003-486X,ANNALS OF MATHEMATICS,A1
1355-6215,ADDICTION BIOLOGY (PRINT),A2
0950-7051,KNOWLEDGE-BASED SYSTEMS,A1
0899-7667,NEURAL COMPUTATION,A1
0893-6080,NEURAL NETWORKS,A1
0925-2312,NEUROCOMPUTING (AMSTERDAM),A1
0031-3203,PATTERN RECOGNITION,A1
0005-1098,AUTOMATICA (OXFORD),A1
0926-5805,AUTOMATION IN CONSTRUCTION,A1
1063-6560,EVOLUTIONARY COMPUTATION,A1
1530-9304,EVOLUTIONARY COMPUTATION (ONLINE),A1
0730-0301,ACM TRANSACTIONS ON GRAPHICS,A1
1089-778X,IEEE TRANSACTIONS ON EVOLUTIONARY COMPUTATION,A1
1536-1233,IEEE TRANSACTIONS ON MOBILE COMPUTING,A1
0096-3003,APPLIED MATHEMATICS AND COMPUTATION,A1
0013-4686,ELECTROCHIMICA ACTA,A1
0925-4005,"SENSORS AND ACTUATORS. B, CHEMICAL",A1
0960-0779,"CHAOS, SOLITONS AND FRACTALS",A1
0048-9697,SCIENCE OF THE TOTAL ENVIRONMENT,A1
0012-1797,"DIABETES (NEW YORK, N.Y.)",A1
1057-7149,IEEE TRANSACTIONS ON IMAGE PROCESSING,A1
1077-2626,IEEE TRANSACTIONS ON VISUALIZATION AND COMPUTER GRAPHICS,A1
0165-1684,SIGNAL PROCESSING (PRINT),A1
0743-7315,JOURNAL OF PARALLEL AND DISTRIBUTED COMPUTING,A1
1096-0848,JOURNAL OF PARALLEL AND DISTRIBUTED COMPUTING,A1
0743-7315,JOURNAL OF PARALLEL AND DISTRIBUTED COMPUTING (PRINT),A1
1070-5325,NUMERICAL LINEAR ALGEBRA WITH APPLICATIONS,A1
0197-9337,EARTH SURFACE PROCESSES AND LANDFORMS (PRINT),A1
1007-5704,COMMUNICATIONS IN NONLINEAR SCIENCE & NUMERICAL SIMULATION,A1
0014-3057,EUROPEAN POLYMER JOURNAL,A1
0378-8733,SOCIAL NETWORKS,A1
1077-260X,IEEE JOURNAL OF SELECTED TOPICS IN QUANTUM ELECTRONICS,A1
1051-8215,IEEE TRANSACTIONS ON CIRCUITS AND SYSTEMS FOR VIDEO TECHNOLOGY (PRINT),A1
0098-3063,IEEE TRANSACTIONS ON CONSUMER ELECTRONICS,A1
0278-0046,IEEE TRANSACTIONS ON INDUSTRIAL ELECTRONICS (1982. PRINT),A1
1045-9219,IEEE TRANSACTIONS ON PARALLEL AND DISTRIBUTED SYSTEMS (PRINT),A1
1566-2535,INFORMATION FUSION (PRINT),A1
1073-0516,ACM TRANSACTIONS ON COMPUTER-HUMAN INTERACTION,A1
0272-4332,RISK ANALYSIS,A1
1536-0040,SIAM JOURNAL ON APPLIED DYNAMICAL SYSTEMS,A1
0036-1445,SIAM REVIEW (PRINT),A1
0956-053X,WASTE MANAGEMENT (ELMSFORD),A1
0165-0114,FUZZY SETS AND SYSTEMS,A1
0304-4238,SCIENTIA HORTICULTURAE,A1
1570-8705,AD HOC NETWORKS,A1
0891-2017,COMPUTATIONAL LINGUISTICS,A1
1530-9312,COMPUTATIONAL LINGUISTICS - ASSOCIATION FOR COMPUTATIONAL LINGUISTICS (ONLINE),A1
0891-2017,COMPUTATIONAL LINGUISTICS (PRINT),A1
1389-1286,COMPUTER NETWORKS (1999),A1
1387-1811,MICROPOROUS AND MESOPOROUS MATERIALS (PRINT),A1
1045-926X,JOURNAL OF VISUAL LANGUAGES AND COMPUTING,A1
0922-6567,MACHINE TRANSLATION,A1
0890-8044,IEEE NETWORK,A1
1084-8045,JOURNAL OF NETWORK AND COMPUTER APPLICATIONS,A1
1095-8592,JOURNAL OF NETWORK AND COMPUTER APPLICATIONS (ONLINE),A1
0032-4728,POPULATION STUDIES,A1
1089-7682,"CHAOS (WOODBURY, N.Y. ONLINE)",A1
1054-1500,"CHAOS (WOODBURY, N.Y.)",A1
0960-1481,RENEWABLE ENERGY,A1
1366-588X,INTERNATIONAL JOURNAL OF PRODUCTION RESEARCH,A1
0020-7543,INTERNATIONAL JOURNAL OF PRODUCTION RESEARCH (PRINT),A1
0039-7857,SYNTHESE,A1
1742-2876,DIGITAL INVESTIGATION,A1
0379-0738,FORENSIC SCIENCE INTERNATIONAL,A3
1367-5788,ANNUAL REVIEWS IN CONTROL,A1
0016-0032,JOURNAL OF THE FRANKLIN INSTITUTE,A1
0094-8276,GEOPHYSICAL RESEARCH LETTERS,A1
1365-8816,INTERNATIONAL JOURNAL OF GEOGRAPHICAL INFORMATION SCIENCE (PRINT),A1
0307-904X,APPLIED MATHEMATICAL MODELLING,A1
1351-3249,NATURAL LANGUAGE ENGINEERING (PRINT),A1
0148-0227,JOURNAL OF GEOPHYSICAL RESEARCH,A1
1016-3328,COMPUTATIONAL COMPLEXITY,A3
0898-1221,COMPUTERS & MATHEMATICS WITH APPLICATIONS (1987),A2
1615-3375,FOUNDATIONS OF COMPUTATIONAL MATHEMATICS (PRINT),A1
0169-2968,FUNDAMENTA INFORMATICAE,A1
0924-9907,JOURNAL OF MATHEMATICAL IMAGING AND VISION,A1
1573-7683,JOURNAL OF MATHEMATICAL IMAGING AND VISION (DORDRECHT. ONLINE),A1
0025-5610,MATHEMATICAL PROGRAMMING,A1
0097-5397,SIAM JOURNAL ON COMPUTING,A1
0167-4943,ARCHIVES OF GERONTOLOGY AND GERIATRICS,A1
1433-7479,SOFT COMPUTING,A1
1432-7643,SOFT COMPUTING (BERLIN. PRINT),A1
1432-7643,SOFT COMPUTING (HEIDELBERG),A1
0753-3322,BIOMEDICINE & PHARMACOTHERAPY,A1
0010-2180,COMBUSTION AND FLAME,A1
1359-8368,"COMPOSITES. PART B, ENGINEERING",A1
1548-1603,GISCIENCE AND REMOTE SENSING,A1
0306-2619,APPLIED ENERGY,A1
0885-8969,IEEE TRANSACTIONS ON ENERGY CONVERSION,A1
0885-8950,IEEE TRANSACTIONS ON POWER SYSTEMS,A1
0167-4048,COMPUTERS & SECURITY,A1
1540-7993,IEEE SECURITY & PRIVACY,A1
1545-5971,IEEE TRANSACTIONS ON DEPENDABLE AND SECURE COMPUTING,A1
0040-1951,TECTONOPHYSICS (AMSTERDAM),A2
0305-215X,ENGINEERING OPTIMIZATION,A1
0378-4371,PHYSICA. A (PRINT),A1
0167-2789,"PHYSICA. D, NONLINEAR PHENOMENA (PRINT)",A1
1050-2947,PHYSICAL REVIEW. A,A1
0031-9007,PHYSICAL REVIEW LETTERS (PRINT),A1
0370-1573,PHYSICS REPORTS,A1
0360-5442,ENERGY (OXFORD),A1
0301-4215,ENERGY POLICY,A1
0010-938X,CORROSION SCIENCE,A1
0022-5193,JOURNAL OF THEORETICAL BIOLOGY,A1
1364-503X,"PHILOSOPHICAL TRANSACTIONS OF THE ROYAL SOCIETY A: MATHEMATICAL, PHYSICAL AND ENGINEERING SCIENCES",A1
0963-1798,JOURNAL OF OCCUPATIONAL AND ORGANIZATIONAL PSYCHOLOGY,A1
0168-1699,COMPUTERS AND ELECTRONICS IN AGRICULTURE,A1
1574-9541,ECOLOGICAL INFORMATICS (PRINT),A1
1552-4450,NATURE CHEMICAL BIOLOGY,A1
1556-603X,IEEE COMPUTATIONAL INTELLIGENCE MAGAZINE,A1
1556-6013,IEEE TRANSACTIONS ON INFORMATION FORENSICS AND SECURITY,A1
1687-4196,INTERNATIONAL JOURNAL OF BIOMEDICAL IMAGING,A1
1734-1922,ARCHIVES OF MEDICAL SCIENCE,A2
1553-7358,PLOS COMPUTATIONAL BIOLOGY (ONLINE),A1
1648-5831,INFORMATICS IN EDUCATION,A1
1551-305X,FOUNDATIONS AND TRENDS IN THEORETICAL COMPUTER SCIENCE,A2
0929-8215,JOURNAL OF NEW MUSIC RESEARCH,A1
1475-9217,STRUCTURAL HEALTH MONITORING,A1
1556-4959,JOURNAL OF FIELD ROBOTICS,A1
1861-6410,INTERNATIONAL JOURNAL OF COMPUTER ASSISTED RADIOLOGY AND SURGERY (PRINT),A1
1229-2370,JOURNAL OF COMMUNICATIONS AND NETWORKS (SEOUL. PRINT),A1
0022-1694,JOURNAL OF HYDROLOGY (AMSTERDAM),A1
1554-0669,FOUNDATIONS AND TRENDS IN INFORMATION RETRIEVAL,A1
1549-9618,JOURNAL OF CHEMICAL THEORY AND COMPUTATION,A1
1751-1577,JOURNAL OF INFORMATRICS,A1
1556-6072,IEEE VEHICULAR TECHNOLOGY MAGAZINE,A1
1748-9326,ENVIRONMENTAL RESEARCH LETTERS,A1
1476-8186,INTERNATIONAL JOURNAL OF AUTOMATION AND COMPUTING,A1
1751-956X,IET INTELLIGENT TRANSPORT SYSTEMS,A1
1134-3478,COMUNICAR (HUELVA),A1
1932-4545,IEEE TRANSACTIONS ON BIOMEDICAL CIRCUITS AND SYSTEMS,A1
1745-6150,BIOLOGY DIRECT,A1
1754-2189,NATURE PROTOCOLS (PRINT),A1
1932-4553,IEEE JOURNAL OF SELECTED TOPICS IN SIGNAL PROCESSING,A1
1537-5110,BIOSYSTEMS ENGINEERING,A1
1746-4811,PLANT METHODS,A1
1863-2653,BRAIN STRUCTURE & FUNCTION (PRINT),A2
1741-1114,INTERNATIONAL JOURNAL OF WEB AND GRID SERVICES (ONLINE),B1
1741-1106,INTERNATIONAL JOURNAL OF WEB AND GRID SERVICES (PRINT),B1
1687-5265,COMPUTATIONAL INTELLIGENCE AND NEUROSCIENCE,A1
0920-5691,INTERNATIONAL JOURNAL OF COMPUTER VISION,A1
1574-0137,COMPUTER SCIENCE REVIEW,A1
1385-2256,PRECISION AGRICULTURE (PRINT),A1
2072-4292,REMOTE SENSING,A1
1551-3955,FOUNDATIONS AND TRENDS IN HUMAN-COMPUTER INTERACTION (PRINT),A2
1552-3098,IEEE TRANSACTIONS ON ROBOTICS,A1
0969-6016,INTERNATIONAL TRANSACTIONS IN OPERATIONAL RESEARCH,A2
1932-6203,PLOS ONE,A2
1747-7778,JOURNAL OF SIMULATION,A2
1549-8328,"IEEE TRANSACTIONS ON CIRCUITS AND SYSTEMS. I, REGULAR PAPERS (PRINT)",A2
1541-1672,IEEE INTELLIGENT SYSTEMS,A1
0098-3004,COMPUTERS & GEOSCIENCES,A1
1874-3919,JOURNAL OF PROTEOMICS (PRINT),A2
1748-3107,DISABILITY AND REHABILITATION: ASSISTIVE TECHNOLOGY,A1
1134-5764,TOP,A2
1935-3812,SWARM INTELLIGENCE,A3
1841-9836,"INTERNATIONAL JOURNAL OF COMPUTERS, COMMUNICATIONS & CONTROL (PRINT)",A2
1041-1135,IEEE PHOTONICS TECHNOLOGY LETTERS,A3
0378-4754,MATHEMATICS AND COMPUTERS IN SIMULATION (PRINT),A1
0165-0009,CLIMATIC CHANGE,A2
0734-2071,ACM TRANSACTIONS ON COMPUTER SYSTEMS,A3
1063-8210,IEEE TRANSACTIONS ON VERY LARGE SCALE INTEGRATION (VLSI) SYSTEMS (PRINT),A2
0306-4379,INFORMATION SYSTEMS (OXFORD),A2
0218-1274,INTERNATIONAL JOURNAL OF BIFURCATION AND CHAOS IN APPLIED SCIENCES AND ENGINEERING,A2
0308-1079,INTERNATIONAL JOURNAL OF GENERAL SYSTEMS,A3
0273-1177,ADVANCES IN SPACE RESEARCH,A2
0169-8141,INTERNATIONAL JOURNAL OF INDUSTRIAL ERGONOMICS,A2
1383-7621,JOURNAL OF SYSTEMS ARCHITECTURE,A2
0923-6082,MULTIDIMENSIONAL SYSTEMS AND SIGNAL PROCESSING,A2
1573-0824,MULTIDIMENSIONAL SYSTEMS AND SIGNAL PROCESSING (ONLINE),A2
0922-6443,REAL-TIME SYSTEMS,A2
1573-1383,REAL-TIME SYSTEMS (ONLINE),A2
0954-3007,EUROPEAN JOURNAL OF CLINICAL NUTRITION,A1
1475-2891,NUTRITION JOURNAL,A2
1094-4087,OPTICS EXPRESS,A2
0001-4966,THE JOURNAL OF THE ACOUSTICAL SOCIETY OF AMERICA,A2
1433-2833,INTERNATIONAL JOURNAL ON DOCUMENT ANALYSIS AND RECOGNITION (PRINT),A2
1741-2560,JOURNAL OF NEURAL ENGINEERING,A2
1563-5147,MATHEMATICAL PROBLEMS IN ENGINEERING (ONLINE),A2
1024-123X,MATHEMATICAL PROBLEMS IN ENGINEERING (PRINT),A2
1536-9323,JOURNAL OF THE ASSOCIATION FOR INFORMATION SYSTEMS,A1
1097-0088,INTERNATIONAL JOURNAL OF CLIMATOLOGY,A2
0950-4230,JOURNAL OF LOSS PREVENTION IN THE PROCESS INDUSTRIES,A2
1066-8888,THE VLDB JOURNAL,A2
0140-3664,COMPUTER COMMUNICATIONS,A1
1099-4300,ENTROPY (BASEL. ONLINE),A1
0303-2647,BIOSYSTEMS (AMSTERDAM. PRINT),A2
0923-5965,SIGNAL PROCESSING. IMAGE COMMUNICATION,A2
0377-0257,JOURNAL OF NON-NEWTONIAN FLUID MECHANICS (PRINT),A2
1619-1366,SOFTWARE AND SYSTEMS MODELING,A2
1619-1366,SOFTWARE AND SYSTEMS MODELING,A2
1359-4338,VIRTUAL REALITY,A1
0737-8831,LIBRARY HI TECH,A2
0003-9888,ARCHIVES OF DISEASE IN CHILDHOOD,A1
0039-3215,STUDIA LOGICA,A2
1660-4601,INTERNATIONAL JOURNAL OF ENVIRONMENTAL RESEARCH AND PUBLIC HEALTH,A2
1109-2858,OPERATIONAL RESEARCH,A2
1864-5909,EVOLUTIONARY INTELLIGENCE (PRINT),A1
1539-3100,INTERNATIONAL JOURNAL OF DISTANCE EDUCATION TECHNOLOGIES,A1
1432-5012,INTERNATIONAL JOURNAL ON DIGITAL LIBRARIES (PRINT),A2
0104-6500,JOURNAL OF THE BRAZILIAN COMPUTER SOCIETY (IMPRESSO) (JBCS),A2
1678-4804,JOURNAL OF THE BRAZILIAN COMPUTER SOCIETY (ONLINE) (JBCS),A2
1742-5468,JOURNAL OF STATISTICAL MECHANICS,A2
1741-0401,INTERNATIONAL JOURNAL OF PRODUCTIVITY AND PERFORMANCE MANAGEMENT,A2
1381-298X,COMPUTATIONAL AND MATHEMATICAL ORGANIZATION THEORY,A1
1742-206X,MOLECULAR BIOSYSTEMS (PRINT),A2
0953-7325,TECHNOLOGY ANALYSIS AND STRATEGIC MANAGEMENT,A2
1570-8268,JOURNAL OF WEB SEMANTICS,A2
1133-0686,TEST (MADRID),A4
1386-145X,WORLD WIDE WEB (BUSSUM),A2
0021-7557,JORNAL DE PEDIATRIA (IMPRESSO),A2
1086-055X,SPE JOURNAL,A2
0018-9456,IEEE TRANSACTIONS ON INSTRUMENTATION AND MEASUREMENT,A1
1082-9873,D-LIB MAGAZINE,A2
0272-1732,IEEE MICRO,A3
1536-125X,IEEE TRANSACTIONS ON NANOTECHNOLOGY,A3
0219-3116,KNOWLEDGE AND INFORMATION SYSTEMS (ELECTRONIC RESOURCE),A2
0219-1377,KNOWLEDGE AND INFORMATION SYSTEMS (PRINT),A2
1533-5399,ACM TRANSACTIONS ON INTERNET TECHNOLOGY,A2
0378-7796,ELECTRIC POWER SYSTEMS RESEARCH (PRINT),A2
0733-9445,JOURNAL OF STRUCTURAL ENGINEERING,A2
0018-9294,IEEE TRANSACTIONS ON BIOMEDICAL ENGINEERING (PRINT),A2
1435-8603,PLANT BIOLOGY (STUTTGART),A1
0003-9861,ARCHIVES OF BIOCHEMISTRY AND BIOPHYSICS (PRINT),A2
1180-4882,JOURNAL OF PSYCHIATRY & NEUROSCIENCE,A2
1089-7801,IEEE INTERNET COMPUTING,A3
1072-0502,LEARNING & MEMORY,A4
1756-0381,BIODATA MINING,A2
0952-3480,NMR IN BIOMEDICINE,A2
0018-9391,IEEE TRANSACTIONS ON ENGINEERING MANAGEMENT,A2
1756-3305,PARASITES & VECTORS,A1
0021-9258,JOURNAL OF BIOLOGICAL CHEMISTRY,A2
1936-6582,FLEXIBLE SERVICES AND MANUFACTURING JOURNAL,A3
1535-3893,JOURNAL OF PROTEOME RESEARCH (PRINT),A2
0033-3506,PUBLIC HEALTH (LONDON),A2
1939-1404,IEEE JOURNAL OF SELECTED TOPICS IN APPLIED EARTH OBSERVATIONS AND REMOTE SENSING,A1
0306-9877,MEDICAL HYPOTHESES,A1
0094-2405,MEDICAL PHYSICS (LANCASTER),A2
1590-1874,NEUROLOGICAL SCIENCES,A2
0340-1200,BIOLOGICAL CYBERNETICS,A2
0929-5593,AUTONOMOUS ROBOTS,A2
0098-3500,ACM TRANSACTIONS ON MATHEMATICAL SOFTWARE,A1
1049-331X,ACM TRANSACTIONS ON SOFTWARE ENGINEERING AND METHODOLOGY,A2
0010-4485,CAD COMPUTER AIDED DESIGN,A2
1061-3773,COMPUTER APPLICATIONS IN ENGINEERING EDUCATION,A1
1687-1499,EURASIP J WIREL COMM,A2
1687-1499,EURASIP JOURNAL ON WIRELESS COMMUNICATIONS AND NETWORKING,A2
1877-0533,SET-VALUED AND VARIATIONAL ANALYSIS: THEORY AND APPLICATIONS,A2
1382-3256,EMPIRICAL SOFTWARE ENGINEERING,A2
1573-7616,EMPIRICAL SOFTWARE ENGINEERING (DORDRECHT. ONLINE),A2
1432-010X,REQUIREMENTS ENGINEERING,A2
0947-3602,REQUIREMENTS ENGINEERING (LONDON. PRINT),A2
0278-081X,"CIRCUITS, SYSTEMS, AND SIGNAL PROCESSING",A2
0044-8435,APIDOLOGIE,A2
1094-3420,THE INTERNATIONAL JOURNAL OF HIGH PERFORMANCE COMPUTING APPLICATIONS,A2
1868-5137,JOURNAL OF AMBIENT INTELLIGENCE AND HUMANIZED COMPUTING,A1
1867-4828,JOURNAL OF INTERNET SERVICES AND APPLICATIONS (JISA),A2
1869-0238,JOURNAL OF INTERNET SERVICES AND APPLICATIONS (JISA),A2
1471-2458,BMC PUBLIC HEALTH,A2
1758-5996,DIABETOLOGY & METABOLIC SYNDROME,A2
1662-5102,FRONTIERS IN CELLULAR NEUROSCIENCE,A2
1673-5447,CHINA COMMUNICATIONS,A2
1868-8071,INTERNATIONAL JOURNAL OF MACHINE LEARNING AND CYBERNETICS,A2
1246-0125,JOURNAL OF DECISION SYSTEMS,A2
1452-8630,APPLICABLE ANALYSIS AND DISCRETE MATHEMATICS,A2
1755-375X,ACTA OPHTHALMOLOGICA (2008. PRINT),A2
1687-7047,INTERNATIONAL JOURNAL OF COMPUTER GAMES TECHNOLOGY,A1
1947-5705,"GEOMATICS, NATURAL HAZARDS AND RISK",A1
1947-6027,GENES & CANCER,A4
0001-5970,ACTA MECHANICA,A3
2044-6055,BMJ OPEN,A2
1527-2737,CURRENT UROLOGY REPORTS (PRINT),A2
1949-2553,ONCOTARGET,A3
0277-6715,STATISTICS IN MEDICINE (PRINT),A2
0268-3768,"INTERNATIONAL JOURNAL, ADVANCED MANUFACTURING TECHNOLOGY",A2
0301-9322,INTERNATIONAL JOURNAL OF MULTIPHASE FLOW,A2
0889-1575,JOURNAL OF FOOD COMPOSITION AND ANALYSIS (PRINT),A2
1350-6307,ENGINEERING FAILURE ANALYSIS,A2
1135-5948,PROCESAMIENTO DEL LENGUAJE NATURAL,A1
1868-8799,INTERNATIONAL JOURNAL OF EMERGING TECHNOLOGIES IN LEARNING,A2
1863-0383,INTERNATIONAL JOURNAL: EMERGING TECHNOLOGIES IN LEARNING,A2
2046-2069,RSC ADVANCES: AN INTERNATIONAL JOURNAL TO FURTHER THE CHEMICAL SCIENCES,A2
2090-7141,JOURNAL OF COMPUTER NETWORKS AND COMMUNICATIONS,A1
1758-0374,INTERNATIONAL JOURNAL OF BIO-INSPIRED COMPUTATION (ONLINE),A2
2211-6753,SPATIAL STATISTICS,A2
2047-4938,IET BIOMETRICS,A3
1936-7406,ACM TRANSACTIONS ON RECONFIGURABLE TECHNOLOGY AND SYSTEMS,A2
1664-302X,FRONTIERS IN MICROBIOLOGY (ONLINE),A2
2193-1801,SPRINGERPLUS,A2
2167-8359,PEERJ,A2
2071-1050,SUSTAINABILITY,A2
2046-1402,F1000RESEARCH,A3
2190-8508,JOURNAL OF CRYPTOGRAPHIC ENGINEERING,A3
1570-0844,SEMANTIC WEB JOURNAL,A2
1539-1523,JOURNAL OF RESEARCH ON TECHNOLOGY IN EDUCATION,A1
2048-7703,APSIPA TRANSACTIONS ON SIGNAL AND INFORMATION PROCESSING,A2
2162-2248,IEEE CONSUMER ELECTRONICS MAGAZINE,A2
2214-5796,BIG DATA RESEARCH,A2
2327-4697,IEEE TRANSACTIONS ON NETWORK SCIENCE AND ENGINEERING,A2
2352-0124,STRUCTURES,A1
2050-3806,ASLIB JOURNAL OF INFORMATION MANAGEMENT,A2
2192-113X,"JOURNAL OF CLOUD COMPUTING: ADVANCES, SYSTEMS AND APPLICATIONS",A2
2158-5644,JOURNAL OF APPLIED ANALYSIS AND COMPUTATION,A2
2051-1310,JOURNAL OF COMPLEX NETWORKS,A3
2075-4701,METALS - OPEN ACCESS METALLURGY JOURNAL,A2
2405-8440,HELIYON (Open Access),A2
2352-9385,REMOTE SENSING APPLICATIONS: SOCIETY AND ENVIRONMENT,A1
2220-9964,ISPRS INTERNATIONAL JOURNAL OF GEO-INFORMATION,A2
2169-3277,PRODUCTION & MANUFACTURING RESEARCH,A2
2055-7671,DIGITAL SCHOLARSHIP IN THE HUMANITIES (PRINT),A2
2168-1163,COMPUTER METHODS IN BIOMECHANICS AND BIOMEDICAL ENGINEERING: IMAGING AND VISUALIZATION,A4
1687-4161,EURASIP JOURNAL ON MULTIMEDIA AND INFORMATION SECURITY (PRINT),A1
2199-1073,INTERNET OF THINGS,A4
2301-3850,UNMANNED SYSTEMS,A1
2329-4302,JOURNAL OF MEDICAL IMAGING,A2
2227-7390,MATHEMATICS (Open Access),A1
2075-1680,AXIOMS (Open Access),A2
2218-6581,ROBOTICS,A2
2056-5607,INTERNATIONAL JOURNAL OF TOURISM CITIES,A2
2160-9918,INTERNATIONAL JOURNAL OF E-PLANNING RESEARCH,A2
2374-0353,ACM TRANSACTIONS ON SPATIAL ALGORITHMS AND SYSTEMS,A1
2049-9647,JOURNAL OF OPEN RESEARCH SOFTWARE,A2
2096-0433,COMPUTATIONAL VISUAL MEDIA,A1
1793-351X,INTERNATIONAL JOURNAL OF SEMANTIC COMPUTING,A2
2469-9950,PHYSICAL REVIEW B,A2
2469-9950,"PHYSICAL REVIEW. B, CONDENSED MATTER AND MATERIALS PHYSICS",A2
2291-5222,JMIR MHEALTH UHEALTH,A1
2297-198X,FRONTIERS IN ICT,A2
2519-173X,IACR TRANSACTIONS ON SYMMETRIC CRYPTOLOGY,A1
2364-8228,APPLIED NETWORK SCIENCE,A2
2473-2400,IEEE TRANSACTIONS ON GREEN COMMUNICATIONS AND NETWORKING,A2
2378-962X,ACM TRANSACTIONS ON CYBER-PHYSICAL SYSTEMS,A2
2196-7091,SMART LEARNING ENVIRONMENTS (Open Access),A1
2363-6203,MODELING EARTH SYSTEMS AND ENVIRONMENT,A1
2475-1502,IEEE TRANSACTIONS ON GAMES,A3
2369-3762,JMIR MEDICAL EDUCATION,A2
1471-2164,BMC GENOMICS,A2
0169-3913,TRANSPORT IN POROUS MEDIA,A3
1043-4666,CYTOKINE,A2
1059-7794,HUMAN MUTATION,A2
0947-5745,JOURNAL OF ZOOLOGICAL SYSTEMATICS AND EVOLUTIONARY RESEARCH,A2
0882-4010,MICROBIAL PATHOGENESIS,A2
1529-3785,ACM TRANSACTIONS ON COMPUTATIONAL LOGIC,A2
0254-5330,ANNALS OF OPERATION RESEARCH,A2
1572-9338,ANNALS OF OPERATIONS RESEARCH (DORDRECHT. ONLINE),A2
0269-8811,JOURNAL OF PSYCHOPHARMACOLOGY (OXFORD),A2
0004-5411,JOURNAL OF THE ACM,A3
0304-3800,ECOLOGICAL MODELLING,A2
1573-0840,NATURAL HAZARDS (DORDRECHT. ONLINE),A2
0921-030X,NATURAL HAZARDS (DORDRECHT),A2
1432-9360,COMPUTING AND VISUALIZATION IN SCIENCE,A3
0929-8673,CURRENT MEDICINAL CHEMISTRY,A1
0885-7474,JOURNAL OF SCIENTIFIC COMPUTING,A2
1472-6947,BMC MEDICAL INFORMATICS AND DECISION MAKING (ONLINE),A1
0960-3174,STATISTICS AND COMPUTING,A2
0924-669X,APPLIED INTELLIGENCE (BOSTON),A3
1573-7497,APPLIED INTELLIGENCE (DORDRECHT. ONLINE),A3
1386-5056,INTERNATIONAL JOURNAL OF MEDICAL INFORMATICS,A1
1530-5627,TELEMEDICINE JOURNAL AND E-HEALTH,A1
0824-7935,COMPUTATIONAL INTELLIGENCE,A2
1467-8640,COMPUTATIONAL INTELLIGENCE (ONLINE),A2
0018-9162,COMPUTER,A3
0095-8956,JOURNAL OF COMBINATORIAL THEORY. SERIES B (PRINT),A2
0022-0396,JOURNAL OF DIFFERENTIAL EQUATIONS (PRINT),A1
0003-7028,APPLIED SPECTROSCOPY,A3
1539-2791,NEUROINFORMATICS (TOTOWA),A3
0173-5373,AMPHIBIA - REPTILIA,A3
0266-4720,EXPERT SYSTEMS,A2
1389-2576,GENETIC PROGRAMMING AND EVOLVABLE MACHINES,A2
1389-2576,GENETIC PROGRAMMING AND EVOLVABLE MACHINES,A2
0925-9724,COMPUTER SUPPORTED COOPERATIVE WORK,A2
1076-9757,THE JOURNAL OF ARTIFICIAL INTELLIGENCE RESEARCH (PRINT),A3
0952-813X,JOURNAL OF EXPERIMENTAL AND THEORETICAL ARTIFICIAL INTELLIGENCE,A2
0921-0296,JOURNAL OF INTELLIGENT AND ROBOTIC SYSTEMS: THEORY AND APPLICATIONS,A2
1573-0409,JOURNAL OF INTELLIGENT & ROBOTIC SYSTEMS (DORDRECHT. ONLINE),A2
1436-5057,COMPUTING (WIEN. INTERNET),A1
0010-485X,COMPUTING (WIEN. PRINT),A1
0169-023X,DATA & KNOWLEDGE ENGINEERING,A3
0024-3795,LINEAR ALGEBRA AND ITS APPLICATIONS,A2
1420-0597,COMPUTATIONAL GEOSCIENCES (AMSTERDAM),A2
1573-7624,GEOINFORMATICA (DORDRECHT. ONLINE),A1
1384-6175,GEOINFORMATICA (DORDRECHT),A1
0001-8708,ADVANCES IN MATHEMATICS (NEW YORK. 1965),A2
1476-9271,COMPUTATIONAL BIOLOGY AND CHEMISTRY (PRINT),A1
0098-1354,COMPUTERS & CHEMICAL ENGINEERING,A2
1050-5164,THE ANNALS OF APPLIED PROBABILITY,A3
0340-6253,MATCH (MULHEIM),A2
1469-8005,KNOWLEDGE ENGINEERING REVIEW (ONLINE),A2
0269-8889,KNOWLEDGE ENGINEERING REVIEW (PRINT),A2
0269-8889,THE KNOWLEDGE ENGINEERING REVIEW,A2
0885-6125,MACHINE LEARNING,A2
1573-0565,MACHINE LEARNING (DORDRECHT. ONLINE),A2
1570-8683,JOURNAL OF APPLIED LOGIC,A2
0941-0643,NEURAL COMPUTING & APPLICATIONS,A1
1433-3058,NEURAL COMPUTING & APPLICATIONS (INTERNET),A1
0941-0643,NEURAL COMPUTING & APPLICATIONS (PRINT),A1
0167-8655,PATTERN RECOGNITION LETTERS,A1
1467-8659,COMPUTER GRAPHICS FORUM (ONLINE),A2
0167-7055,COMPUTER GRAPHICS FORUM (PRINT),A2
0097-8493,COMPUTERS & GRAPHICS,A2
0018-9340,IEEE TRANSACTIONS ON COMPUTERS (PRINT),A2
0929-5585,DESIGN AUTOMATION FOR EMBEDDED SYSTEMS,B1
1572-8080,DESIGN AUTOMATION FOR EMBEDDED SYSTEMS (DORDRECHT. ONLINE),B1
1524-0703,GRAPHICAL MODELS (PRINT),A2
1070-986X,IEEE MULTIMEDIA,A2
0953-5438,INTERACTING WITH COMPUTERS,A2
0262-8856,IMAGE AND VISION COMPUTING,A2
1047-3203,JOURNAL OF VISUAL COMMUNICATION AND IMAGE REPRESENTATION (PRINT),A2
0920-8542,JOURNAL OF SUPERCOMPUTING,A2
1573-0484,THE JOURNAL OF SUPERCOMPUTING (DORDRECHT. ONLINE),A2
0942-4962,MULTIMEDIA SYSTEMS,A2
1432-1882,MULTIMEDIA SYSTEMS (ONLINE),A2
1380-7501,MULTIMEDIA TOOLS AND APPLICATIONS,A2
1573-7721,MULTIMEDIA TOOLS AND APPLICATIONS (DORDRECHT. ONLINE),A2
1017-1398,NUMERICAL ALGORITHMS,A2
1040-6182,QUATERNARY INTERNATIONAL,A2
1422-0067,INTERNATIONAL JOURNAL OF MOLECULAR SCIENCES (ONLINE),A2
1615-5297,UNIVERSAL ACCESS IN THE INFORMATION SOCIETY (INTERNET),A2
1615-5289,UNIVERSAL ACCESS IN THE INFORMATION SOCIETY (PRINT),A2
1531-636X,"IEEE CIRCUITS AND SYSTEMS MAGAZINE (NEW YORK, N.Y. 2001: PRINT)",A2
1420-3049,MOLECULES (BASEL. ONLINE),A2
0376-8716,DRUG AND ALCOHOL DEPENDENCE,A2
0036-1399,SIAM JOURNAL ON APPLIED MATHEMATICS (PRINT),A3
0363-0129,SIAM JOURNAL ON CONTROL AND OPTIMIZATION (PRINT),A2
0895-4798,SIAM JOURNAL ON MATRIX ANALYSIS AND APPLICATIONS,A2
1095-7189,SIAM JOURNAL ON OPTIMIZATION,A2
1052-6234,SIAM JOURNAL ON OPTIMIZATION (PRINT),A2
1064-8275,SIAM JOURNAL OF SCIENTIFIC COMPUTING,A2
0378-3812,FLUID PHASE EQUILIBRIA,A3
0743-7463,LANGMUIR,A2
1463-9076,PCCP. PHYSICAL CHEMISTRY CHEMICAL PHYSICS (PRINT),A2
1063-6692,IEEE/ACM TRANSACTIONS ON NETWORKING (PRINT),A2
1383-469X,JOURNAL ON SPECIAL TOPICS IN MOBILE NETWORKS AND APPLICATIONS,A2
1572-8153,MOBILE NETWORKS AND APPLICATIONS,A2
0278-0070,IEEE TRANSACTIONS ON COMPUTER-AIDED DESIGN OF INTEGRATED CIRCUITS AND SYSTEMS,A2
0885-2308,COMPUTER SPEECH & LANGUAGE (PRINT),A1
0044-2275,ZEITSCHRIFT FUR ANGEWANDTE MATHEMATIK UND PHYSIK (PRINTED ED.),A2
0233-1934,OPTIMIZATION (PRINT),A2
0168-9274,APPLIED NUMERICAL MATHEMATICS,A2
0020-7748,INTERNATIONAL JOURNAL OF THEORETICAL PHYSICS,A2
0021-9606,THE JOURNAL OF CHEMICAL PHYSICS,A2
0266-5611,INVERSE PROBLEMS (PRINT),A2
0029-599X,NUMERISCHE MATHEMATIK,A2
1055-6788,OPTIMIZATION METHODS & SOFTWARE (PRINT),A2
1475-925X,BIOMEDICAL ENGINEERING ONLINE (ONLINE),A2
1471-2407,BMC CANCER (ONLINE),A3
0343-2521,GEO JOURNAL,A2
1573-4277,OPTICAL SWITCHING AND NETWORKING (PRINT),A3
1042-9247,ENGINEERING MANAGEMENT JOURNAL,A2
0031-9155,PHYSICS IN MEDICINE AND BIOLOGY (PRINT),A2
1070-6631,PHYSICS OF FLUIDS (1994),A2
0262-6667,HYDROLOGICAL SCIENCES JOURNAL,A2
0001-1452,AIAA JOURNAL (PRINT),A2
0250-6807,ANNALS OF NUTRITION & METABOLISM,A2
1574-1192,PERVASIVE AND MOBILE COMPUTING (PRINT),A2
0160-0176,INTERNATIONAL REGIONAL SCIENCE REVIEW,A2
1980-5322,CLINICS,A3
1541-5856,"LIMNOLOGY AND OCEANOGRAPHY, METHODS",A3
1641-876X,INTERNATIONAL JOURNAL OF APPLIED MATHEMATICS AND COMPUTER SCIENCE,A2
1551-6857,ACM TRANSACTIONS ON MULTIMEDIA COMPUTING COMMUNICATIONS AND APPLICATIONS,A2
1746-8094,BIOMEDICAL SIGNAL PROCESSING AND CONTROL,A2
0219-6220,INTERNATIONAL JOURNAL OF INFORMATION TECHNOLOGY AND DECISION MAKING,A1
1550-4859,ACM TRANSACTIONS ON SENSOR NETWORKS,A2
1772-9890,JOURNAL IN COMPUTER VIROLOGY,A2
1742-5255,EXPERT OPINION ON DRUG METABOLISM & TOXICOLOGY,A2
1549-6325,ACM TRANSACTIONS ON ALGORITHMS,A2
1556-4665,ACM TRANSACTIONS ON AUTONOMOUS AND ADAPTIVE SYSTEMS,A3
1807-0302,COMPUTATIONAL & APPLIED MATHEMATICS,A2
2238-3603,COMPUTATIONAL AND APPLIED MATHEMATICS,A2
1687-5176,EURASIP JOURNAL ON IMAGE AND VIDEO PROCESSING (PRINT),A2
1862-5347,ADVANCES IN DATA ANALYSIS AND CLASSIFICATION,A2
1477-1535,LIGHTING RESEARCH AND TECHNOLOGY (2001. PRINT),A2
1751-8687,"IET GENERATION, TRANSMISSION & DISTRIBUTION (PRINT)",A2
0171-6468,OR-SPEKTRUM,A2
1540-5710,POPULAR COMMUNICATION. THE INTERNATIONAL JOURNAL OF MEDIA AND CULTURE,A2
1556-4681,ACM TRANSACTIONS ON KNOWLEDGE DISCOVERY FROM DATA,A2
1550-1329,INTERNATIONAL JOURNAL OF DISTRIBUTED SENSOR NETWORKS,A2
1550-1477,INTERNATIONAL JOURNAL OF DISTRIBUTED SENSOR NETWORKS (ONLINE),A2
1559-1131,ACM TRANSACTIONS ON THE WEB,A2
0191-2917,PLANT DISEASE,A2
1743-5889,NANOMEDICINE,A1
1996-1073,ENERGIES (BASEL),A2
0266-6669,INFORMATION DEVELOPMENT,A2
1746-0441,EXPERT OPINION ON DRUG DISCOVERY (PRINT),A1
1749-5024,SOCIAL COGNITIVE AND AFFECTIVE NEUROSCIENCE (ONLINE),A1
1678-5878,JOURNAL OF THE BRAZILIAN SOCIETY OF MECHANICAL SCIENCES AND ENGINEERING (IMPRESSO),A2
1932-4537,IEEE ETRANSACTIONS ON NETWORK AND SERVICE MANAGEMENT,A2
1570-7873,JOURNAL OF GRID COMPUTING,A1
0925-5001,JOURNAL OF GLOBAL OPTIMIZATION,A2
1573-2916,JOURNAL OF GLOBAL OPTIMIZATION (DORDRECHT. ONLINE),A2
1549-7747,"IEEE TRANSACTIONS ON CIRCUITS AND SYSTEMS. II, EXPRESS BRIEFS",A2
1735-2630,INTERNATIONAL JOURNAL OF ENVIRONMENTAL SCIENCE AND TECHNOLOGY,A2
1748-670X,COMPUTATIONAL AND MATHEMATICAL METHODS IN MEDICINE (PRINT),A3
1548-3886,INTERNATIONAL JOURNAL OF ELECTRONIC GOVERNMENT RESEARCH,A3
1550-1876,INTERNATIONAL JOURNAL OF INFORMATION AND COMMUNICATION TECHNOLOGY EDUCATION,A2
1748-9725,JOURNAL OF LOCATION BASED SERVICES (PRINT),A4
1084-6654,ACM JOURNAL OF EXPERIMENTAL ALGORITHMICS,A3
0266-4763,JOURNAL OF APPLIED STATISTICS,A3
1755-5817,CIRP JOURNAL OF MANUFACTURING SCIENCE AND TECHNOLOGY,A2
1959-0318,I R B M NEWS,A2
1084-7529,"JOURNAL OF THE OPTICAL SOCIETY OF AMERICA. A, OPTICS, IMAGE SCIENCE, AND VISION",A4
0740-3224,"JOURNAL OF THE OPTICAL SOCIETY OF AMERICA. B, OPTICAL PHYSICS",A2
0020-7179,INTERNATIONAL JOURNAL OF CONTROL,A3
0949-149X,INTERNATIONAL JOURNAL OF ENGINEERING EDUCATION,A3
0030-4018,OPTICS COMMUNICATIONS (PRINT),A3
1090-2724,JOURNAL OF COMPUTER AND SYSTEM SCIENCES (ONLINE),A3
0022-0000,JOURNAL OF COMPUTER AND SYSTEM SCIENCES (PRINT),A3
1827-1987,GEOSPATIAL HEALTH (Open Access),A4
1464-5319,INTERNATIONAL JOURNAL OF SYSTEMS SCIENCE (ONLINE),A2
0033-0124,PROFESSIONAL GEOGRAPHER,A3
0022-0833,JOURNAL OF ENGINEERING MATHEMATICS,A3
1471-2393,BMC PREGNANCY AND CHILDBIRTH,A3
0932-8092,MACHINE VISION AND APPLICATIONS,A3
1432-1769,MACHINE VISION AND APPLICATIONS (INTERNET),A3
1983-2052,TROPICAL PLANT PATHOLOGY,A3
1982-5676,TROPICAL PLANT PATHOLOGY (IMPRESSO),A3
1361-1682,TRANSACTIONS IN GIS (PRINT),A3
0149-1970,PROGRESS IN NUCLEAR ENERGY (NEW SERIES),A2
1521-9615,COMPUTING IN SCIENCE & ENGINEERING (PRINT),A3
0943-7444,KNOWLEDGE ORGANIZATION,A4
0146-4833,COMPUTER COMMUNICATION REVIEW,A3
0323-3847,BIOMETRICAL JOURNAL (1977),A3
0892-1997,JOURNAL OF VOICE,A2
1651-2022,LOGOPEDICS PHONIATRICS VOCOLOGY,A3
0703-8992,CANADIAN JOURNAL OF REMOTE SENSING,A3
0887-3585,PROTEINS (PRINT),A3
1936-6442,PEER-TO-PEER NETWORKING AND APPLICATIONS (PRINT),A2
1431-7613,THEORY IN BIOSCIENCES,A3
0951-354X,INTERNATIONAL JOURNAL OF EDUCATIONAL MANAGEMENT,A3
1729-8806,INTERNATIONAL JOURNAL OF ADVANCED ROBOTIC SYSTEMS (PRINT),A3
1865-0481,EARTH SCIENCE INFORMATICS (INTERNET),A3
1865-0473,EARTH SCIENCE INFORMATICS (PRINT),A3
1660-5446,MEDITERRANEAN JOURNAL OF MATHEMATICS,A3
1615-5262,INTERNATIONAL JOURNAL OF INFORMATION SECURITY (PRINT),A2
1684-5315,AFRICAN JOURNAL OF BIOTECHNOLOGY,A3
0955-5986,FLOW MEASUREMENT AND INSTRUMENTATION,A3
0378-1119,GENE (AMSTERDAM),A3
1435-0645,AGRONOMY JOURNAL (ONLINE),A3
0948-7921,ELECTRICAL ENGINEERING (BERLIN. PRINT),A3
0168-1656,JOURNAL OF BIOTECHNOLOGY,A3
0018-9464,IEEE TRANSACTIONS ON MAGNETICS,A4
0018-9499,IEEE TRANSACTIONS ON NUCLEAR SCIENCE,A4
1022-0038,WIRELESS NETWORKS,A2
1572-8196,WIRELESS NETWORKS (ONLINE),A2
0739-1102,JOURNAL OF BIOMOLECULAR STRUCTURE & DYNAMICS,A2
1824-2049,JOURNAL OF SCIENCE COMMUNICATION,A2
1876-6102,ENERGY PROCEDIA,A3
1875-6891,INTERNATIONAL JOURNAL OF COMPUTATIONAL INTELLIGENCE SYSTEMS,A2
0140-0118,MEDICAL & BIOLOGICAL ENGINEERING & COMPUTING,A3
1741-0444,MEDICAL & BIOLOGICAL ENGINEERING & COMPUTING (ONLINE),A3
0987-7053,NEUROPHYSIOLOGIE CLINIQUE (PARIS),A4
0264-4401,ENGINEERING COMPUTATIONS,A3
1054-2523,MEDICINAL CHEMISTRY RESEARCH (PRINT),A2
0271-2091,INTERNATIONAL JOURNAL FOR NUMERICAL METHODS IN FLUIDS (PRINT),A2
1678-2690,ANAIS DA ACADEMIA BRASILEIRA DE CIÊNCIAS (ONLINE),A3
0740-7459,IEEE SOFTWARE,A4
1124-318X,EUROPEAN TRANSACTIONS ON TELECOMMUNICATIONS,A3
0197-6729,JOURNAL OF ADVANCED TRANSPORTATION,A3
0197-6729,JOURNAL OF ADVANCED TRANSPORTATION,A3
1536-2310,OMICS: JOURNAL OF INTEGRATIVE BIOLOGY,A3
0748-8017,QUALITY AND RELIABILITY ENGINEERING INTERNATIONAL (PRINT),A3
1433-2779,INTERNATIONAL JOURNAL ON SOFTWARE TOOLS FOR TECHNOLOGY TRANSFER,A4
1094-6136,JOURNAL OF SCHEDULING,A3
0974-0635,INTERNATIONAL JOURNAL OF ARTIFICIAL INTELLIGENCE,A4
1471-2180,BMC MICROBIOLOGY (ONLINE),A3
1757-9694,INTEGRATIVE BIOLOGY: A NEW JOURNAL OF QUANTITATIVE BIOSCIENCES FROM NANO TO MACRO,A2
1647-0818,LINGUAMÁTICA (BRAGA),A3
1355-7718,ORGANISED SOUND (PRINT),A2
1756-8919,FUTURE MEDICINAL CHEMISTRY,A3
1756-8919,FUTURE MEDICINAL CHEMISTRY,A3
1936-5233,TRANSLATIONAL ONCOLOGY (ONLINE),A3
1662-5188,FRONTIERS IN COMPUTATIONAL NEUROSCIENCE,A4
1943-0655,IEEE PHOTONICS JOURNAL,A4
1943-0663,IEEE EMBEDDED SYSTEMS LETTERS,A4
2190-7439,PHOTONIC SENSORS (ONLINE),A2
1687-5893,ADVANCES IN HUMAN-COMPUTER INTERACTION (PRINT),A2
1877-0509,PROCEDIA COMPUTER SCIENCE,A3
1477-8394,INTERNATIONAL JOURNAL OF WEB BASED COMMUNITIES (PRINT),A3
1936-7228,ACM TRANSACTIONS ON ACCESSIBLE COMPUTING (TACCESS),A3
1932-8540,IEEE-RITA,A2
1793-9623,"INTERNATIONAL JOURNAL OF MODELING, SIMULATION, AND SCIENTIFIC COMPUTING",B1
0038-0644,"SOFTWARE, PRACTICE & EXPERIENCE (PRINT)",A3
1097-024X,SOFTWARE: PRACTICE AND EXPERIENCE,A3
0963-9314,SOFTWARE QUALITY JOURNAL,A3
1573-1367,SOFTWARE QUALITY JOURNAL (ONLINE),A3
0020-1812,INSECTES SOCIAUX,A3
0960-0833,"SOFTWARE TESTING, VERIFICATION & RELIABILITY",A4
1099-1689,"SOFTWARE TESTING, VERIFICATION AND RELIABILITY",A4
0022-1147,JOURNAL OF FOOD SCIENCE,A2
1530-9827,JOURNAL OF COMPUTING AND INFORMATION SCIENCE IN ENGINEERING,A2
2090-0147,JOURNAL OF ELECTRICAL AND COMPUTER ENGINEERING,A4
1999-4893,ALGORITHMS,A3
1662-453X,FRONTIERS IN NEUROSCIENCE,A3
1662-5218,FRONTIERS IN NEUROROBOTICS,A4
2047-7481,JOURNAL OF SOFTWARE: EVOLUTION AND PROCESS (ONLINE),A4
2040-2295,JOURNAL OF HEALTHCARE ENGINEERING,A3
1664-042X,FRONTIERS IN PHYSIOLOGY,A3
1664-0640,FRONTIERS IN PSYCHIATRY,A3
1664-1078,FRONTIERS IN PSYCHOLOGY,A3
2078-2489,INFORMATION,A3
2072-666X,MICROMACHINES,A3
2314-6133,BIOMED RESEARCH INTERNATIONAL,A2
2314-6141,BIOMED RESEARCH INTERNATIONAL,A2
2151-0032,AMERICAN SOCIETY OF AGRICULTURAL AND BIOLOGICAL ENGINEERS. TRANSACTIONS,A3
1474-8185,INTERNATIONAL JOURNAL OF PERFORMANCE ANALYSIS IN SPORT,A2
2317-4889,BRAZILIAN JOURNAL OF GEOLOGY,A4
2160-6455,ACM TRANSACTIONS ON INTERACTIVE INTELLIGENT SYSTEMS,A4
2317-1782,CODAS,A3
2352-3409,DATA IN BRIEF,A3
2161-3915,TRANSACTIONS ON EMERGING TELECOMMUNICATIONS TECHNOLOGIES (ONLINE),A2
2352-4847,ENERGY REPORTS,A3
2095-9184,FRONTIERS OF INFORMATION TECHNOLOGY & ELECTRONIC ENGINEERING,A3
1999-5903,FUTURE INTERNET,A2
2352-7110,SOFTWAREX,A3
1826-9745,INTERACTION DESIGN AND ARCHITECTURE(S) JOURNAL,A2
2013-7087,JOURNAL OF ACCESSIBILITY AND DESIGN FOR ALL,A3
2182-7796,INTERNATIONAL JOURNAL OF INFORMATION SYSTEMS AND PROJECT MANAGEMENT,A3
2050-1242,NETWORK SCIENCE,A3
2352-9148,INFORMATICS IN MEDICINE UNLOCKED,A2
2167-6461,BIG DATA,A2
2192-6352,PROGRESS IN ARTIFICIAL INTELLIGENCE,A2
2296-2565,FRONTIERS IN PUBLIC HEALTH,A4
2076-3417,APPLIED SCIENCES (SWITZERLAND),A2
2296-4185,FRONTIERS IN BIOENGINEERING AND BIOTECHNOLOGY,A2
2075-1702,MACHINES,B1
2296-889X,FRONTIERS IN MOLECULAR BIOSCIENCES,A2
2079-3197,COMPUTATION (Open Access),A3
1938-0232,INTERNATIONAL JOURNAL OF INFORMATION TECHNOLOGY PROJECT MANAGEMENT,A4
2192-4376,EURO JOURNAL ON TRANSPORTATION AND LOGISTICS,A3
2296-9144,FRONTIERS IN ROBOTICS AND AI,A3
2469-9926,PHYSICAL REVIEW A,A3
2227-7102,EDUCATION SCIENCES,A2
2313-433X,JOURNAL OF IMAGING,A3
1551-3688,SIGBED REVIEW,A4
2199-4676,JOURNAL OF RELIABLE INTELLIGENT ENVIRONMENTS,A2
2306-5729,DATA,A3
2414-4088,MULTIMODAL TECHNOLOGIES AND INTERACTION,A4
2177-8736,REGE REVISTA DE GESTAO,A4
1809-2276,REGE. REVISTA DE GESTÃO USP,A4
0195-9298,JOURNAL OF NONDESTRUCTIVE EVALUATION,A3
0167-6369,ENVIRONMENTAL MONITORING AND ASSESSMENT (PRINT),A3
1359-6535,ANTIVIRAL THERAPY (LONDON),B1
1432-2994,MATHEMATICAL METHODS OF OPERATIONS RESEARCH (HEIDELBERG),A3
1572-9451,TELECOMMUNICATION SYSTEMS,A3
1018-4864,TELECOMMUNICATIONS SYSTEMS,A3
1098-1241,SYSTEMS ENGINEERING,A3
1438-793X,FUNCTIONAL & INTEGRATIVE GENOMICS (PRINT),A4
1567-7818,NATURAL COMPUTING,A4
0030-364X,OPERATIONS RESEARCH,A3
1475-2875,MALARIA JOURNAL (ONLINE),A2
1049-3301,ACM TRANSACTIONS ON MODELING AND COMPUTER SIMULATION,B1
0178-4617,ALGORITHMICA,A4
1432-0541,ALGORITHMICA (NEW YORK. INTERNET),A4
0265-0754,IMA JOURNAL OF MATHEMATICAL CONTROL AND INFORMATION,A3
1420-2026,ENVIRONMENTAL MODELING AND ASSESSMENT,A3
0363-6119,"AMERICAN JOURNAL OF PHYSIOLOGY. REGULATORY, INTEGRATIVE AND COMPARATIVE PHYSIOLOGY",A2
1460-2067,COMPUTER JOURNAL (ONLINE),A4
0010-4620,COMPUTER JOURNAL (PRINT),A4
0021-8693,JOURNAL OF ALGEBRA (PRINT),A4
0021-9045,JOURNAL OF APPROXIMATION THEORY (PRINT),A3
0944-6532,JOURNAL OF CONVEX ANALYSIS,A4
0364-9024,JOURNAL OF GRAPH THEORY (PRINT),A3
1064-1246,JOURNAL OF INTELLIGENT & FUZZY SYSTEMS,A2
0022-247X,JOURNAL OF MATHEMATICAL ANALYSIS AND APPLICATIONS (PRINT),A3
0022-3239,JOURNAL OF OPTIMIZATION THEORY AND APPLICATIONS,A3
1573-2878,JOURNAL OF OPTIMIZATION THEORY AND APPLICATIONS (DORDRECHT. ONLINE),A3
1064-5462,ARTIFICIAL LIFE,A2
0928-8910,AUTOMATED SOFTWARE ENGINEERING,B1
0168-7433,JOURNAL OF AUTOMATED REASONING,A3
1381-1231,JOURNAL OF HEURISTICS,A2
1572-9397,JOURNAL OF HEURISTICS (DORDRECHT. ONLINE),A2
0925-9902,JOURNAL OF INTELLIGENT INFORMATION SYSTEMS,A3
0049-6979,"WATER, AIR, & SOIL POLLUTION",A4
1386-7857,CLUSTER COMPUTING,A2
0022-2860,JOURNAL OF MOLECULAR STRUCTURE (PRINT),A2
0002-9939,PROCEEDINGS OF THE AMERICAN MATHEMATICAL SOCIETY,A4
0812-0099,AUSTRALIAN JOURNAL OF EARTH SCIENCES,A3
1225-6463,ETRI JOURNAL,A3
1370-4621,NEURAL PROCESSING LETTERS,A3
1433-7541,PATTERN ANALYSIS AND APPLICATIONS,A3
1433-755X,PATTERN ANALYSIS AND APPLICATIONS,A3
1433-7541,PATTERN ANALYSIS AND APPLICATIONS (PRINT),A3
1570-0755,QUANTUM INFORMATION PROCESSING,A3
0095-4616,APPLIED MATHEMATICS & OPTIMIZATION,A3
0300-483X,TOXICOLOGY (AMSTERDAM),A2
0018-5345,HORTSCIENCE,A3
1570-8667,JOURNAL OF DISCRETE ALGORITHMS (PRINT),A3
1054-7460,"PRESENCE (CAMBRIDGE, MASS.)",A4
1432-0444,DISCRETE AND COMPUTATIONAL GEOMETRY (INTERNET),A3
0166-218X,DISCRETE APPLIED MATHEMATICS,A2
1351-8216,HAEMOPHILIA (OXFORD. PRINT),A3
1530-4388,"IEEE TRANSACTIONS ON DEVICE, MATERIALS RELIABILITY",A3
1000-9000,JOURNAL OF COMPUTER SCIENCE AND TECHNOLOGY,A3
0178-2789,THE VISUAL COMPUTER,A3
1432-2315,THE VISUAL COMPUTER (INTERNET),A3
1042-9832,RANDOM STRUCTURES & ALGORITHMS (PRINT),A2
0195-6698,EUROPEAN JOURNAL OF COMBINATORICS (PRINT),A3
0026-2714,MICROELECTRONICS AND RELIABILITY,A4
0887-8013,JOURNAL OF CLINICAL LABORATORY ANALYSIS (PRINT),A2
1064-7570,JOURNAL OF NETWORK AND SYSTEMS MANAGEMENT,A3
0090-6964,ANNALS OF BIOMEDICAL ENGINEERING,A2
0937-9827,INTERNATIONAL JOURNAL OF LEGAL MEDICINE,A2
0006-3835,BIT NUMERICAL MATHEMATICS,A4
1532-0626,CONCURRENCY COMPUTATION PRACTICE AND EXPERIENCE,A2
1019-7168,ADVANCES IN COMPUTATIONAL MATHEMATICS,A3
1432-0622,"APPLICABLE ALGEBRA IN ENGINEERING, COMMUNICATION AND COMPUTING (INTERNET)",A3
0885-7458,INTERNATIONAL JOURNAL OF PARALLEL PROGRAMMING,A3
1616-7341,OCEAN DYNAMICS,A3
1526-1719,JOURNAL OF GRAPH ALGORITHMS AND APPLICATIONS,B2
0167-6423,SCIENCE OF COMPUTER PROGRAMMING (PRINT),A3
1471-0684,THEORY AND PRACTICE OF LOGIC PROGRAMMING,A3
1475-3081,THEORY AND PRACTICE OF LOGIC PROGRAMMING (ONLINE),A3
0926-9851,JOURNAL OF APPLIED GEOPHYSICS,A3
0926-6003,COMPUTATIONAL OPTIMIZATION AND APPLICATIONS,A3
1573-2894,COMPUTATIONAL OPTIMIZATION AND APPLICATIONS (DORDRECHT. ONLINE),A3
0167-9473,COMPUTATIONAL STATISTICS & DATA ANALYSIS (PRINT),A2
0020-7160,INTERNATIONAL JOURNAL OF COMPUTER MATHEMATICS,A3
1382-6905,JOURNAL OF COMBINATORIAL OPTIMIZATION,A2
1573-2886,JOURNAL OF COMBINATORIAL OPTIMIZATION (DORDRECHT. ONLINE),A2
0028-3045,"NETWORKS (NEW YORK, N.Y. PRINT)",A4
1533-4880,JOURNAL OF NANOSCIENCE AND NANOTECHNOLOGY (PRINT),A3
0022-4715,JOURNAL OF STATISTICAL PHYSICS,A3
1387-974X,PHOTONIC NETWORK COMMUNICATIONS,A3
0140-1963,JOURNAL OF ARID ENVIRONMENTS,A2
1559-128X,APPLIED OPTICS,A3
0360-8581,IEEE ENGINEERING MANAGEMENT REVIEW,A2
1687-5443,NEURAL PLASTICITY (ONLINE),A3
0011-183X,CROP SCIENCE,A2
1519-566X,NEOTROPICAL ENTOMOLOGY (IMPRESSO),A3
1861-8200,JOURNAL OF REAL-TIME IMAGE PROCESSING (PRINT),A3
1368-9894,LOGIC JOURNAL OF THE IGPL (ONLINE),A2
1367-0751,LOGIC JOURNAL OF THE IGPL (PRINT),A2
0960-1295,MSCS. MATHEMATICAL STRUCTURES IN COMPUTER SCIENCE (PRINT),A3
1687-4714,"EURASIP JOURNAL ON AUDIO, SPEECH AND MUSIC PROCESSING (PRINT)",A3
1465-1734,JOURNAL OF HYDROINFORMATICS (ONLINE),A3
1751-9659,IET IMAGE PROCESSING (PRINT),A3
1951-6355,EUR. PHYS. J. SPECIAL TOPICS,A2
1951-6355,THE EUROPEAN PHYSICAL JOURNAL. SPECIAL TOPICS,A2
1539-6746,COMMUNICATIONS IN MATHEMATICAL SCIENCES,A3
1933-1711,JOURNAL OF THE AMERICAN SOCIETY OF HYPERTENSION,A3
1862-4472,OPTIMIZATION LETTERS (PRINT),A3
1751-8725,"IET MICROWAVES, ANTENNAS & PROPAGATION (PRINT)",A3
1996-1944,MATERIALS (BASEL),A3
1011-2367,ASIAN-AUSTRALASIAN JOURNAL OF ANIMAL SCIENCES (PRINT),A3
1931-3195,JOURNAL OF APPLIED REMOTE SENSING,A3
1516-1439,MATERIALS RESEARCH (SÃO CARLOS. IMPRESSO),B1
1744-5760,"INTERNATIONAL JOURNAL OF PARALLEL, EMERGENT AND DISTRIBUTED SYSTEMS (PRINT)",B1
1539-9087,ACM TRANSACTIONS ON EMBEDDED COMPUTING SYSTEMS,A4
1751-5254,EUROPEAN JOURNAL OF INDUSTRIAL ENGINEERING,A4
1939-8018,"JOURNAL OF SIGNAL PROCESSING SYSTEMS FOR SIGNAL, IMAGE, AND VIDEO TECHNOLOGY",A3
1939-8115,"JOURNAL OF SIGNAL PROCESSING SYSTEMS FOR SIGNAL, IMAGE, AND VIDEO TECHNOLOGY (ONLINE)",A3
1544-3566,ACM TRANSACTIONS ON ARCHITECTURE AND CODE OPTIMIZATION,A4
0895-2477,MICROWAVE AND OPTICAL TECHNOLOGY LETTERS (PRINT),A4
1916-2804,BOTANY (OTTAWA. ONLINE),A4
1916-2790,BOTANY (OTTAWA. PRINT),A4
1051-9815,"WORK (READING, MA)",A4
0363-2415,"FISHERIES (BETHESDA, MD.)",A3
1547-6286,RNA BIOLOGY,A3
0362-5915,ACM TRANSACTIONS ON DATABASE SYSTEMS,A3
0926-8782,DISTRIBUTED AND PARALLEL DATABASES,B1
1573-7578,DISTRIBUTED AND PARALLEL DATABASES (DORDRECHT. ONLINE),B1
0163-5808,SIGMOD RECORD,B1
0037-5497,"SIMULATION (SAN DIEGO, CALIF.)",A3
1462-6268,DIGITAL CREATIVITY (EXETER),A3
1110-757X,JOURNAL OF APPLIED MATHEMATICS,A4
1550-0594,CLINICAL EEG AND NEUROSCIENCE,A4
1619-4500,4OR (BERLIN),A3
1516-8913,BRAZILIAN ARCHIVES OF BIOLOGY AND TECHNOLOGY (IMPRESSO),A4
0948-695X,JOURNAL OF UNIVERSAL COMPUTER SCIENCE,A4
0948-6968,JOURNAL OF UNIVERSAL COMPUTER SCIENCE,A4
0948-695X,JOURNAL OF UNIVERSAL COMPUTER SCIENCE (PRINT),A4
1110-662X,INTERNATIONAL JOURNAL OF PHOTOENERGY (PRINT),A3
1895-1082,CENTRAL EUROPEAN JOURNAL OF PHYSICS (PRINT),A4
0197-8462,BIOELECTROMAGNETICS,A4
1678-8060,MEMÓRIAS DO INSTITUTO OSWALDO CRUZ (ONLINE),B1
0141-9331,MICROPROCESSORS AND MICROSYSTEMS,A3
0288-3635,NEW GENERATION COMPUTING,A3
0717-3458,ELECTRONIC JOURNAL OF BIOTECHNOLOGY,A3
1530-8677,WIRELESS COMMUNICATIONS AND MOBILE COMPUTING,A4
1984-6398,REVISTA BRASILEIRA DE LINGUISTICA APLICADA,B1
1687-725X,JOURNAL OF SENSORS,B1
1687-725X,JOURNAL OF SENSORS,B1
0003-4347,ANNALES DES TELECOMMUNICATIONS,A3
0167-9260,INTEGRATION (AMSTERDAM. PRINT),A4
1074-5351,INTERNATIONAL JOURNAL OF COMMUNICATION SYSTEMS,A3
1099-1131,INTERNATIONAL JOURNAL OF COMMUNICATION SYSTEMS,A3
1074-5351,INTERNATIONAL JOURNAL OF COMMUNICATION SYSTEMS (PRINT),A3
1582-7445,ADVANCES IN ELECTRICAL AND COMPUTER ENGINEERING (PRINT),B1
1939-0114,SECURITY AND COMMUNICATION NETWORKS,A4
0304-3940,NEUROSCIENCE LETTERS (PRINT),A4
0143-991X,INDUSTRIAL ROBOT,A4
0894-3370,INTERNATIONAL JOURNAL OF NUMERICAL MODELLING (PRINT),A3
1471-2121,BMC CELL BIOLOGY (ONLINE),A4
1084-4309,ACM TRANSACTIONS ON DESIGN AUTOMATION OF ELECTRONIC SYSTEMS,A4
0218-1940,INTERNATIONAL JOURNAL OF SOFTWARE ENGINEERING AND KNOWLEDGE ENGINEERING,B1
1529-3181,COMMUNICATIONS OF THE ASSOCIATION FOR INFORMATION SYSTEMS,A4
1875-9521,ENTERTAINMENT COMPUTING,A4
1055-7148,INTERNATIONAL JOURNAL OF NETWORK MANAGEMENT,A3
1055-7148,INTERNATIONAL JOURNAL OF NETWORK MANAGEMENT,A3
1099-1190,INTERNATIONAL JOURNAL OF NETWORK MANAGEMENT (ONLINE),A3
1068-9605,INTERNATIONAL JOURNAL OF WIRELESS INFORMATION NETWORKS,A3
1756-0500,BMC RESEARCH NOTES,A4
1548-0992,REVISTA IEEE AMÉRICA LATINA (IEEE Latin America Transactions),B1
1687-7195,INTERNATIONAL JOURNAL OF RECONFIGURABLE COMPUTING (PRINT),A2
1550-4646,JOURNAL OF MOBILE MULTIMEDIA,B1
0354-5180,FILOMAT,A4
2090-3340,INTERNATIONAL JOURNAL OF STOCHASTIC ANALYSIS,A4
1396-0466,FIRST MONDAY (ONLINE),A4
0102-311X,CADERNOS DE SAÚDE PÚBLICA (ENSP. IMPRESSO),A3
1678-4464,CADERNOS DE SAÚDE PÚBLICA (ONLINE),A3
0041-1132,"TRANSFUSION (ARLINGTON, VA.)",A3
0022-2615,JOURNAL OF MEDICAL MICROBIOLOGY,A4
1350-6501,"PROCEEDINGS OF THE INSTITUTION OF MECHANICAL ENGINEERS, PART J, JOURNAL OF ENGINEERING TRIBOLOGY",A4
0892-7553,JOURNAL OF INSECT BEHAVIOR,A4
0304-3975,THEORETICAL COMPUTER SCIENCE,B1
1062-7375,JOURNAL OF GLOBAL INFORMATION MANAGEMENT,A3
0929-6212,WIRELESS PERSONAL COMMUNICATIONS,A3
2190-0558,JOURNAL OF PETROLEUM EXPLORATION AND PRODUCTION TECHNOLOGY,A3
2164-5515,HUMAN VACCINES AND IMMUNOTHERAPEUTICS,A3
1681-4835,ELECTRONIC JOURNAL OF INFORMATION SYSTEMS IN DEVELOPING COUNTRIES,A4
1976-913X,JOURNAL OF INFORMATION PROCESSING SYSTEMS,A4
1895-1767,SCALABLE COMPUTING. PRACTICE AND EXPERIENCE,A3
1679-4508,EINSTEIN (SÃO PAULO),A4
0102-6720,ABCD : ARQUIVOS BRASILEIROS DE CIRURGIA DIGESTIVA,A4
1664-8021,FRONTIERS IN GENETICS,A4
2090-1836,PULMONARY MEDICINE,A2
2314-4378,INTERNATIONAL JOURNAL OF GENOMICS (ONLINE),A4
1742-7371,INTERNATIONAL JOURNAL OF PERVASIVE COMPUTING AND COMMUNICATIONS (PRINT),A2
1869-0327,APPLIED CLINICAL INFORMATICS,A4
1972-5787,JOURNAL OF FORMALIZED REASONING,A4
2168-2356,IEEE DESIGN AND TEST,A4
2215-0161,METHODSX,A3
2175-3369,URBE,A4
2311-004X,"STATISTICS, OPTIMIZATION AND INFORMATION COMPUTING",A4
1861-2032,JOURNAL ON DATA SEMANTICS (PRINT),A3
2052-4897,BMJ OPEN DIABETES RESEARCH & CARE,A3
2223-4292,QUANTITATIVE IMAGING IN MEDICINE AND SURGERY,A4
2351-9789,PROCEDIA MANUFACTURING,A4
2089-3191,BULLETIN OF ELECTRICAL ENGINEERING AND INFORMATICS,A3
2244-8659,BULLETIN OF COMPUTATIONAL APPLIED MATHEMATICS,B2
2192-4406,EURO JOURNAL ON COMPUTATIONAL OPTIMIZATION (PRINT),B1
2079-9292,ELECTRONICS (SWITZERLAND),A3
2376-5992,PEERJ COMPUTER SCIENCE,A3
1983-3652,TEXTO LIVRE,A3
2324-8858,INTERPRETATION,A3
2329-4949,ACM TRANSACTIONS ON PARALLEL COMPUTING,A3
2073-431X,COMPUTERS,A3
2665-9182,JOURNAL OF COMPUTER LANGUAGES,A3
2366-5971,INTERNATIONAL JOURNAL OF INTELLIGENT ROBOTICS AND APPLICATIONS,A4
1610-1987,KI - KÜNSTLICHE INTELLIGENZ,A3
2474-9567,"PROCEEDINGS OF THE ACM ON INTERACTIVE, MOBILE, WEARABLE AND UBIQUITOUS TECHNOLOGIES",A2
2292-9495,JMIR HUMAN FACTORS,B1
2291-9694,JMIR MEDICAL INFORMATICS,A2
2523-3971,SN APPLIED SCIENCES,A2
2166-3033,INFORMATION & CULTURE,A3
1138-2783,REVISTA IBEROAMERICANA DE EDUCACIÓN A DISTANCIA,A2
0374-3535,JOURNAL OF ELASTICITY,A4
0090-3973,JOURNAL OF TESTING AND EVALUATION,B1
0042-9007,VOX SANGUINIS (BASEL. 1956),A4
1389-2029,CURRENT GENOMICS,A4
0041-0101,TOXICON (OXFORD),A4
0718-0764,INFORMACION TECNOLOGICA,A4
0034-8910,REVISTA DE SAÚDE PÚBLICA,A4
0103-5053,JOURNAL OF THE BRAZILIAN CHEMICAL SOCIETY (IMPRESSO),A4
1352-8505,ENVIRONMENTAL AND ECOLOGICAL STATISTICS,A2
1471-2202,BMC NEUROSCIENCE (ONLINE),B1
1538-2931,"COMPUTERS, INFORMATICS, NURSING (PRINT)",A4
0738-4602,AI MAGAZINE,A2
1012-2443,ANNALS OF MATHEMATICS AND ARTIFICIAL INTELLIGENCE,A4
0021-9002,JOURNAL OF APPLIED PROBABILITY,A3
0047-259X,JOURNAL OF MULTIVARIATE ANALYSIS,A3
1542-3980,JOURNAL OF MULTIPLE-VALUED LOGIC AND SOFT COMPUTING,A3
1073-9149,INSTRUMENTATION SCIENCE & TECHNOLOGY,A4
1573-7454,AUTONOMOUS AGENTS AND MULTI-AGENT SYSTEMS (DORDRECHT. ONLINE),A3
1537-744X,THE SCIENTIFIC WORLD JOURNAL,A3
0013-5194,ELECTRONICS LETTERS,B1
1350-911X,ELECTRONICS LETTERS (ONLINE),B1
0167-8396,COMPUTER AIDED GEOMETRIC DESIGN,A3
1058-6180,IEEE ANNALS OF THE HISTORY OF COMPUTING,A4
1091-9856,INFORMS JOURNAL ON COMPUTING,A4
1526-5528,INFORMS JOURNAL ON COMPUTING (ONLINE),A4
0889-3241,ACI STRUCTURAL JOURNAL,A4
1062-936X,SAR AND QSAR IN ENVIRONMENTAL RESEARCH (PRINT),A4
1079-8587,INTELLIGENT AUTOMATION AND SOFT COMPUTING,A4
0272-1716,IEEE COMPUTER GRAPHICS AND APPLICATIONS,A4
0254-4156,ZIDONGHUA XUEBAO/ACTA AUTOMATICA SINICA,A3
0955-792X,JOURNAL OF LOGIC AND COMPUTATION,A4
1465-363X,JOURNAL OF LOGIC AND COMPUTATION,A4
0955-792X,JOURNAL OF LOGIC AND COMPUTATION (PRINT),A4
1443-458X,JOURNAL OF RESEARCH AND PRACTICE IN INFORMATION TECHNOLOGY,A4
0302-9743,LECTURE NOTES IN COMPUTER SCIENCE,B1
1611-3349,LECTURE NOTES IN COMPUTER SCIENCE (INTERNET),B1
0167-8094,ORDER (DORDRECHT),B2
0303-402X,COLLOID AND POLYMER SCIENCE (PRINT),A4
0012-365X,DISCRETE MATHEMATICS,A4
0167-8191,PARALLEL COMPUTING,A4
1362-3060,INTERNATIONAL JOURNAL OF ELECTRONICS (ONLINE),B1
1077-8926,THE ELECTRONIC JOURNAL OF COMBINATORICS,B1
0895-4801,SIAM JOURNAL ON DISCRETE MATHEMATICS (PRINT),A4
0037-4466,SIBERIAN MATHEMATICAL JOURNAL,B2
0361-1981,TRANSPORTATION RESEARCH RECORD,A4
0295-5075,EUROPHYSICS LETTERS (PRINT),A4
1477-8424,"COMPUTER LANGUAGES, SYSTEMS & STRUCTURES",A4
0104-4230,REVISTA DA ASSOCIAÇÃO MÉDICA BRASILEIRA,A4
0104-4230,REVISTA DA ASSOCIAÇÃO MÉDICA BRASILEIRA (1992. IMPRESSO),A4
0963-5483,"COMBINATORICS, PROBABILITY & COMPUTING (PRINT)",A3
0925-7721,COMPUTATIONAL GEOMETRY,A4
0022-2488,JOURNAL OF MATHEMATICAL PHYSICS,A4
0943-4062,COMPUTATIONAL STATISTICS (ZEITSCHRIFT),A4
1066-5277,JOURNAL OF COMPUTATIONAL BIOLOGY,A3
0066-782X,ARQUIVOS BRASILEIROS DE CARDIOLOGIA (IMPRESSO),A4
0219-6913,"INTERNATIONAL JOURNAL OF WAVELETS, MULTIRESOLUTION AND INFORMATION PROCESSING",A4
0103-8478,CIÊNCIA RURAL (UFSM. IMPRESSO),A4
1473-8716,INFORMATION VISUALIZATION (PRINT),A3
1473-5504,INTERNATIONAL JOURNAL OF ASTROBIOLOGY (PRINT),A4
1550-4832,ACM JOURNAL ON EMERGING TECHNOLOGIES IN COMPUTING SYSTEMS,A4
1683-1470,DATA SCIENCE JOURNAL,A3
0188-7009,ADVANCES IN APPLIED CLIFFORD ALGEBRAS,A4
0102-7972,PSICOLOGIA: REFLEXÃO E CRÍTICA (UFRGS. IMPRESSO),B1
1607-4041,REVISTA ELECTRÓNICA DE INVESTIGACIÓN EDUCATIVA,B1
1751-858X,"IET CIRCUITS, DEVICES & SYSTEMS (PRINT)",A4
1751-8814,IET SOFTWARE (ONLINE),A3
1751-8806,IET SOFTWARE (PRINT),A3
1610-2940,JOURNAL OF MOLECULAR MODELING (PRINT),A3
1748-7188,ALGORITHMS FOR MOLECULAR BIOLOGY,A3
1387-5868,SPATIAL COGNITION AND COMPUTATION,A4
1863-2386,SERVICE ORIENTED COMPUTING AND APPLICATIONS,A4
1863-1703,"SIGNAL, IMAGE AND VIDEO PROCESSING",A4
1863-1711,"SIGNAL, IMAGE AND VIDEO PROCESSING",A4
1863-1703,"SIGNAL, IMAGE AND VIDEO PROCESSING (PRINT)",A4
1744-263X,"INTERNATIONAL JOURNAL OF METADATA, SEMANTICS AND ONTOLOGIES",A4
1744-2621,"INTERNATIONAL JOURNAL OF METADATA, SEMANTICS AND ONTOLOGIES (PRINT)",A4
0959-8324,MICROELECTRONICS JOURNAL,A4
1809-4430,REVISTA ENGENHARIA AGRÍCOLA (ON-LINE),B1
1875-0931,JOURNAL ON CHAIN AND NETWORK SCIENCE (ONLINE),B1
1661-8270,MATHEMATICS IN COMPUTER SCIENCE,B2
1872-2083,RECENT PATENTS ON BIOTECHNOLOGY,B1
1981-5344,PERSPECTIVAS EM CIÊNCIA DA INFORMAÇÃO,B2
1981-5344,PERSPECTIVAS EM CIÊNCIA DA INFORMAÇÃO,B2
1413-9936,PERSPECTIVAS EM CIÊNCIA DA INFORMAÇÃO (IMPRESSO),B2
1349-4198,"INTERNATIONAL JOURNAL OF INNOVATIVE COMPUTING, INFORMATION & CONTROL",A4
1414-3283,INTERFACE (BOTUCATU. IMPRESSO),B1
1807-5762,INTERFACE (UNI/UNESP),B1
1807-1953,JICS. JOURNAL OF INTEGRATED CIRCUITS AND SYSTEMS (ED. PORTUGUÊS),B1
0378-3758,JOURNAL OF STATISTICAL PLANNING AND INFERENCE,A4
0267-6192,COMPUTER SYSTEMS SCIENCE AND ENGINEERING,A4
1064-2307,JOURNAL OF COMPUTER AND SYSTEMS SCIENCES INTERNATIONAL,B2
0399-0559,RAIRO. RECHERCHE OPÉRATIONNELLE,A4
1290-3868,RECHERCHE OPÉRATIONNELLE,A4
1612-4782,COGNITIVE PROCESSING (PRINT),B1
0024-2160,LIBRARY (LONDON),B1
1741-8488,INTERNATIONAL JOURNAL OF GRID AND UTILITY COMPUTING (ONLINE),B1
1471-2377,BMC NEUROLOGY (ONLINE),A4
0020-0190,INFORMATION PROCESSING LETTERS (PRINT),B2
1343-8875,JOURNAL OF VISUALIZATION,A4
1469-0268,INTERNATIONAL JOURNAL OF COMPUTATIONAL INTELLIGENCE AND APPLICATIONS,A4
1546-4261,COMPUTER ANIMATION AND VIRTUAL WORLDS,B1
1618-2510,STATISTICAL METHODS & APPLICATIONS,A4
0167-7152,STATISTICS AND PROBABILITY LETTERS,B1
0003-6072,ANTONIE VAN LEEUWENHOEK (GEDRUKT),B1
0001-5903,ACTA INFORMATICA,B2
1687-6180,EURASIP JOURNAL ON ADVANCES IN SIGNAL PROCESSING (ONLINE),A4
0736-6205,BIOTECHNIQUES,A4
1206-212X,INTERNATIONAL JOURNAL OF COMPUTERS & APPLICATIONS,A4
1532-5008,ELECTRIC POWER COMPONENTS AND SYSTEMS,B1
0020-7454,INTERNATIONAL JOURNAL OF NEUROSCIENCE,B1
0883-8542,APPLIED ENGINEERING IN AGRICULTURE,B1
0165-0270,JOURNAL OF NEUROSCIENCE METHODS,A4
1532-3145,JOURNAL OF COMPUTER ASSISTED TOMOGRAPHY (ONLINE),B1
1755-8794,BMC MEDICAL GENOMICS,B1
1865-1348,LECTURE NOTES IN BUSINESS INFORMATION PROCESSING,B1
1687-8450,JOURNAL OF ONCOLOGY,B1
1607-9264,JOURNAL OF INTERNET TECHNOLOGY,B1
1807-8664,ACTA SCIENTIARUM. TECHNOLOGY (ONLINE),A4
0925-4773,MECHANISMS OF DEVELOPMENT,B1
1752-5055,INTERNATIONAL JOURNAL OF COMPUTING SCIENCE AND MATHEMATICS,B2
0219-5259,ADVANCES IN COMPLEX SYSTEMS,B2
1350-4851,APPLIED ECONOMICS LETTERS (PRINT),A4
1678-5150,PESQUISA VETERINÁRIA BRASILEIRA (ONLINE),B1
0860-8229,METROLOGIA I SYSTEMY POMIAROWE / METROLOGY AND MEASURING SYSTEMS,B2
0952-8091,INTERNATIONAL JOURNAL OF COMPUTER APPLICATIONS IN TECHNOLOGY,A4
1519-0501,PESQUISA BRASILEIRA EM ODONTOPEDIATRIA E CLÍNICA INTEGRADA (IMPRESSO),A4
1942-3454,ACM TRANSACTIONS ON COMPUTATION THEORY,B1
1980-5764,DEMENTIA & NEUROPSYCHOLOGIA,B1
0120-5609,INGENIERIA E INVESTIGACION,B2
1392-124X,INFORMACINÉS TECHNOLOGIJOS IR VALDYMAS,B1
1875-905X,MOBILE INFORMATION SYSTEMS,B1
1860-5974,LOGICAL METHODS IN COMPUTER SCIENCE (Open Access),B2
1230-3429,TOPOLOGICAL METHODS IN NONLINEAR ANALYSIS,B2
2190-7188,HEALTH AND TECHNOLOGY,A4
1938-0194,INTERNATIONAL JOURNAL OF WEB PORTALS,A4
1687-5877,INTERNATIONAL JOURNAL OF ANTENNAS AND PROPAGATION (ONLINE),B1
1687-5869,INTERNATIONAL JOURNAL OF ANTENNAS AND PROPAGATION (PRINT),B1
1940-2503,COMPUTATIONAL THERMAL SCIENCES,A4
2175-9146,JOURNAL OF AEROSPACE TECHNOLOGY AND MANAGEMENT (ONLINE),A4
1845-6421,JOURNAL OF COMMUNICATIONS SOFTWARE AND SYSTEMS (JCSS),B2
1940-087X,JOURNAL OF VISUALIZED EXPERIMENTS,B1
1935-7524,ELECTRONIC JOURNAL OF STATISTICS,B1
1178-6949,ADVANCES AND APPLICATIONS IN BIOINFORMATICS AND CHEMISTRY,A3
1944-3277,STANDARDS IN GENOMIC SCIENCES,B1
2076-0930,INTERNATIONAL JOURNAL OF COMMUNICATION NETWORKS AND INFORMATION SECURITY (PRINT),B1
0092-2102,INTERFACES,B1
1861-2121,INTERNATIONAL JOURNAL OF ONLINE ENGINEERING,B1
2231-525X,INTERNATIONAL JOURNAL OF IMAGING AND ROBOTICS,B1
1432-4350,THEORY OF COMPUTING SYSTEMS,B1
1947-8518,INTERNATIONAL JOURNAL OF VIRTUAL AND PERSONAL LEARNING ENVIRONMENTS,B2
1633-1311,INGÉNIERIE DES SYSTEMES D'INFORMATION,B1
0718-5006,FORMACIÓN UNIVERSITARIA,A4
2178-938X,RAE (ON-LINE),B2
2195-3899,"JOURNAL OF CONTROL, AUTOMATION AND ELECTRICAL SYSTEMS",A4
2195-3880,"JOURNAL OF CONTROL, AUTOMATION AND ELECTRICAL SYSTEMS",A4
1935-5688,INTERNATIONAL JOURNAL OF INFORMATION SYSTEMS IN THE SERVICE SECTOR,B1
2306-0212,BULLETIN OF THE TECHNICAL COMMITTEE ON LEARNING TECHNOLOGY,B1
1477-8386,INTERNATIONAL JOURNAL OF LEARNING TECHNOLOGY (PRINT),B2
2359-4292,ARCHIVES OF ENDOCRINOLOGY AND METABOLISM,B2
2192-6670,NETWORK MODELING ANALYSIS IN HEALTH INFORMATICS AND BIOINFORMATICS,A3
2057-1976,BIOMEDICAL PHYSICS & ENGINEERING EXPRESS,A3
1616-8658,FUZZY INFORMATION AND ENGINEERING,A4
1793-8309,"DISCRETE MATHEMATICS, ALGORITHMS AND APPLICATIONS",A4
1537-2456,INTERNATIONAL JOURNAL ON E-LEARNING,B2
2158-107X,INTERNATIONAL JOURNAL OF ADVANCED COMPUTER SCIENCE AND APPLICATIONS,B1
2442-6571,INTERNATIONAL JOURNAL OF ADVANCES IN INTELLIGENT INFORMATICS,B1
1679-396X,MARINE SYSTEMS & OCEAN TECHNOLOGY,A4
1678-765X,REVISTA DIGITAL DE BIBLIOTECONOMIA E CIÊNCIA DA INFORMAÇÃO,B1
2311-5521,FLUIDS,A4
2010-3689,INTERNATIONAL JOURNAL OF INFORMATION AND EDUCATION TECHNOLOGY,A4
2631-9810,JOURNAL OF APPLIED LOGICS,B1
2691-1957,ACM TRANSACTIONS ON COMPUTING FOR HEALTHCARE,A3
0167-6377,OPERATIONS RESEARCH LETTERS,B1
0166-5316,PERFORMANCE EVALUATION,A4
0366-7022,CHEMISTRY LETTERS,B1
0361-0918,COMMUNICATIONS IN STATISTICS. SIMULATION AND COMPUTATION,A4
1532-4141,"COMMUNICATIONS IN STATISTICS. SIMULATION AND COMPUTATION,",A4
0921-7126,AI COMMUNICATIONS,B2
0883-9514,APPLIED ARTIFICIAL INTELLIGENCE,B1
0954-0091,CONNECTION SCIENCE,A4
0218-0014,INTERNATIONAL JOURNAL OF PATTERN RECOGNITION AND ARTIFICIAL INTELLIGENCE,B1
0218-4885,"INTERNATIONAL JOURNAL OF UNCERTAINTY, FUZZINESS AND KNOWLEDGE-BASED SYSTEMS",B1
0934-5043,FORMAL ASPECTS OF COMPUTING,A4
1433-299X,FORMAL ASPECTS OF COMPUTING (INTERNET),A4
0826-8185,INTERNATIONAL JOURNAL OF ROBOTICS AND AUTOMATION,B2
0890-5401,INFORMATION AND COMPUTATION (PRINT),B2
0925-1030,ANALOG INTEGRATED CIRCUITS AND SIGNAL PROCESSING,B1
1573-1979,ANALOG INTEGRATED CIRCUITS AND SIGNAL PROCESSING (DORDRECHT. ONLINE),B1
1017-9909,JOURNAL OF ELECTRONIC IMAGING,B2
1560-229X,JOURNAL OF ELECTRONIC IMAGING (ONLINE),B2
1017-9909,JOURNAL OF ELECTRONIC IMAGING (SPRINGFIELD),B2
0218-1266,"JOURNAL OF CIRCUITS, SYSTEMS, AND COMPUTERS",B1
1473-0502,TRANSFUSION AND APHERESIS SCIENCE,B1
0958-7578,TRANSFUSION MEDICINE (PRINT),B1
2075-1729,LIFE,A4
1434-6036,"EUROPEAN PHYSICAL JOURNAL. B, CONDENSED MATTER AND COMPLEX SYSTEMS (INTERNET)",B1
1434-6028,"THE EUROPEAN PHYSICAL JOURNAL. B, CONDENSED MATTER PHYSICS (PRINT)",B1
0164-0925,ACM TRANSACTIONS ON PROGRAMMING LANGUAGES AND SYSTEMS,B1
0129-1831,INTERNATIONAL JOURNAL OF MODERN PHYSICS C,A4
0006-3398,BIOMEDICAL ENGINEERING,B1
1572-5286,DISCRETE OPTIMIZATION,A4
1526-1492,COMPUTER MODELING IN ENGINEERING & SCIENCES,A4
1526-1506,COMPUTER MODELING IN ENGINEERING & SCIENCES,A4
0361-0926,COMMUNICATIONS IN STATISTICS. THEORY AND METHODS,B1
0168-583X,"NUCLEAR INSTRUMENTS & METHODS IN PHYSICS RESEARCH. SECTION B, BEAM INTERACTIONS WITH MATERIALS AND ATOMS (PRINT)",A4
0034-7167,REVISTA BRASILEIRA DE ENFERMAGEM (IMPRESSO),B1
0102-6933,REVISTA GAÚCHA DE ENFERMAGEM (UFRGS),B1
0219-7200,JOURNAL OF BIOINFORMATICS AND COMPUTATIONAL BIOLOGY (PRINT),B2
1746-0972,INTERNATIONAL JOURNAL OF BUSINESS INFORMATION SYSTEMS (PRINT),B1
1572-3127,STATISTICAL METHODOLOGY,B1
1072-5520,"INTERACTIONS (NEW YORK, N.Y.)",B2
0969-8043,APPLIED RADIATION AND ISOTOPES,B1
0100-6762,REVISTA ÁRVORE (IMPRESSO),B2
1742-7967,INTERNATIONAL JOURNAL OF LOGISTICS SYSTEMS AND MANAGEMENT (PRINT),B1
1176-9351,CANCER INFORMATICS,B1
1413-8123,CIENCIA E SAUDE COLETIVA,A4
0370-4467,REM. REVISTA ESCOLA DE MINAS (IMPRESSO),B2
1571-0653,ELECTRONIC NOTES IN DISCRETE MATHEMATICS,B1
1054-6618,PATTERN RECOGNITION AND IMAGE ANALYSIS,B2
1573-4064,MEDICINAL CHEMISTRY (HILVERSUM),B1
0219-7499,INTERNATIONAL JOURNAL OF QUANTUM INFORMATION,B1
1751-8601,IET COMPUTERS & DIGITAL TECHNIQUES (PRINT),B1
1742-7185,INTERNATIONAL JOURNAL OF COMPUTATIONAL SCIENCE AND ENGINEERING,A4
1742-7193,INTERNATIONAL JOURNAL OF COMPUTATIONAL SCIENCE AND ENGINEERING,A4
0103-6513,PRODUÇÃO (SÃO PAULO. IMPRESSO),B1
1980-5411,PRODUCTION,B1
0104-4036,ENSAIO - AVALIAÇÃO E POLÍTICAS PÚBLICAS EM EDUCAÇÃO,B1
2178-7107,JOURNAL OF INFORMATION AND DATA MANAGEMENT - JIDM,B1
2178-7107,JOURNAL OF INFORMATION AND DATA MANAGEMENT - JIDM,B1
2195-1721,JOURNAL OF SOFTWARE ENGINEERING RESEARCH AND DEVELOPMENT (JSERD),B1
1414-5685,REVISTA BRASILEIRA DE INFORMÁTICA NA EDUCAÇÃO,B1
1062-3701,THE JOURNAL OF IMAGING SCIENCE AND TECHNOLOGY,B2
1088-467X,INTELLIGENT DATA ANALYSIS (PRINT),B1
0718-2724,JOURNAL OF TECHNOLOGY MANAGEMENT & INNOVATION,B2
1549-3636,JOURNAL OF COMPUTER SCIENCES,B3
1548-3924,INTERNATIONAL JOURNAL OF DATA WAREHOUSING AND MINING,B2
0120-6230,REVISTA FACULTAD DE INGENIERÍA UNIVERSIDAD DE ANTIOQUIA,B1
1092-0617,JOURNAL OF INTEGRATED DESIGN & PROCESS SCIENCE,B2
1557-7929,JOURNAL OF BIONANOSCIENCE,B2
0004-282X,ARQUIVOS DE NEURO-PSIQUIATRIA,B2
0929-8665,PROTEIN AND PEPTIDE LETTERS,B2
0967-3911,POLYMERS AND POLYMER COMPOSITES,B1
1532-6349,STOCHASTIC MODELS,B2
0916-8532,IEICE TRANSACTIONS ON INFORMATION AND SYSTEMS,B2
1089-3032,THE ELECTRONIC JOURNAL OF GEOTECHNICAL ENGINEERING,B2
0895-8696,JOURNAL OF MOLECULAR NEUROSCIENCE,B1
1545-7362,INTERNATIONAL JOURNAL OF WEB SERVICES RESEARCH,B1
1312-8876,INTERNATIONAL JOURNAL OF MATHEMATICAL ANALYSIS,B2
0102-0935,ARQUIVO BRASILEIRO DE MEDICINA VETERINÁRIA E ZOOTECNIA,B2
1865-0929,COMMUNICATIONS IN COMPUTER AND INFORMATION SCIENCE (PRINT),B2
1755-8301,INTERNATIONAL JOURNAL OF BIOMETRICS,B2
0972-0871,FAR EAST JOURNAL OF MATHEMATICAL SCIENCES: FJMS,B2
1383-5416,INTERNATIONAL JOURNAL OF APPLIED ELECTROMAGNETICS AND MECHANICS,B2
0923-8174,JOURNAL OF ELECTRONIC TESTING,B2
1573-0727,JOURNAL OF ELECTRONIC TESTING (DORDRECHT. ONLINE),B2
1745-1345,IEICE TRANSACTIONS ON COMMUNICATIONS (ONLINE),B2
2283-9216,CHEMICAL ENGINEERING TRANSACTIONS,B2
1809-6875,COFFEE SCIENCE,B2
1557-5969,JOURNAL OF CELLULAR AUTOMATA,B3
1516-3725,BIOSCIENCE JOURNAL (UFU),B2
1311-8080,INTERNATIONAL JOURNAL OF PURE AND APPLIED MATHEMATICS,B2
1980-6574,MOTRIZ - REVISTA DE EDUCAÇÃO FÍSICA - UNESP,B2
1679-9216,ACTA SCIENTIAE VETERINARIAE (ONLINE),B3
0103-636X,BOLEMA. BOLETIM DE EDUCAÇÃO MATEMÁTICA (UNESP. RIO CLARO. IMPRESSO),B2
0103-0752,BRAZILIAN JOURNAL OF PROBABILITY AND STATISTICS,B2
1327-2314,INTERNATIONAL JOURNAL OF KNOWLEDGE-BASED AND INTELLIGENT ENGINEERING SYSTEMS,B2
1981-0997,REVISTA BRASILEIRA DE CIENCIAS AGRARIAS,B2
1517-8692,REVISTA BRASILEIRA DE MEDICINA DO ESPORTE (IMPRESSO),B2
1755-0386,INTERNATIONAL JOURNAL OF ADVANCED INTELLIGENCE PARADIGMS,B1
2179-1074,"JOURNAL OF MICROWAVES, OPTOELECTRONICS AND ELECTROMAGNETIC APPLICATIONS",B2
1471-2172,BMC IMMUNOLOGY,B1
1431-9276,MICROSCOPY AND MICROANALYSIS (PRINT),B2
1740-8865,INTERNATIONAL JOURNAL OF INTELLIGENT SYSTEMS TECHNOLOGIES AND APPLICATIONS,B2
1577-5097,ELCVIA. ELECTRONIC LETTERS ON COMPUTER VISION AND IMAGE ANALYSIS,B3
1738-9976,INTERNATIONAL JOURNAL OF SECURITY AND ITS APPLICATIONS,B2
0929-9629,MONTE CARLO METHODS AND APPLICATIONS (PRINT),B3
1744-0084,INTERNATIONAL JOURNAL OF WEB INFORMATION SYSTEMS (PRINT),B1
1665-6423,JOURNAL OF APPLIED RESEARCH AND TECHNOLOGY,B2
1757-5850,INTERNATIONAL JOURNAL OF MATHEMATICS IN OPERATIONAL RESEARCH,B1
2212-764X,EUROPEAN RESEARCH IN TELEMEDICINE / LA RECHERCHE EUROPÉENNE EN TÉLÉMÉDECINE,B2
1947-3206,INTERNATIONAL JOURNAL OF AGRICULTURAL AND ENVIRONMENTAL INFORMATION SYSTEMS,A4
0867-6356,FOUNDATIONS OF COMPUTING AND DECISION SCIENCES,B1
1741-1009,INTERNATIONAL JOURNAL OF KNOWLEDGE AND LEARNING (PRINT),B2
1942-390X,INTERNATIONAL JOURNAL OF MOBILE HUMAN COMPUTER INTERACTION,B1
1947-315X,INTERNATIONAL JOURNAL OF E-HEALTH AND MEDICAL COMMUNICATIONS,A4
2237-9363,JOURNAL OF COLOPROCTOLOGY (RIO DE JANEIRO. IMPRESSO),B3
2107-6839,INTERNATIONAL JOURNAL OF METROLOGY AND QUALITY ENGINEERING,B2
2156-7018,JOURNAL OF MEDICAL IMAGING AND HEALTH INFORMATICS,B2
1756-7025,INTERNATIONAL JOURNAL OF INFORMATION AND DECISION SCIENCES,B1
2214-4269,MOLECULAR GENETICS AND METABOLISM REPORT (Open Access),B2
2071-0216,"BULLETIN OF THE SOUTH URAL STATE UNIVERSITY, SERIES: MATHEMATICAL MODELLING, PROGRAMMING AND COMPUTER SOFTWARE",B2
2317-3963,JOURNAL OF MODERN PROJECT MANAGEMENT,B1
2150-7988,INTERNATIONAL JOURNAL OF COMPUTER INFORMATION SYSTEMS AND INDUSTRIAL MANAGEMENT APPLICATIONS,B1
2405-8963,IFAC-PAPERSONLINE,B2
1567-3200,REMOTE SENSING AND DIGITAL IMAGE PROCESSING,B1
1999-5431,PUBLIC ADMINISTRATION ISSUES,B2
1508-2806,COMPUTER SCIENCE (Open Access),B2
1517-7017,OPUS (BELO HORIZONTE. ONLINE),B2
0974-9322,INTERNATIONAL JOURNAL OF COMPUTER NETWORKS AND COMMUNICATIONS,B2
0975-2293,INTERNATIONAL JOURNAL OF COMPUTER NETWORKS AND COMMUNICATIONS,B2
1981-9854,BRAZILIAN JOURNALISM RESEARCH (ONLINE),B2
1947-9263,INTERNATIONAL JOURNAL OF SWARM INTELLIGENCE RESEARCH (PRINT),B2
0219-4678,INTERNATIONAL JOURNAL OF IMAGE AND GRAPHICS,B2
1808-2386,BBR. BRAZILIAN BUSINESS REVIEW,B2
1678-6971,RAM. REVISTA DE ADMINISTRAÇÃO MACKENZIE (ONLINE),B1
2175-6236,EDUCACAO E REALIDADE,B2
1920-180X,JOURNAL OF COMPUTATIONAL GEOMETRY,B1
0104-0588,REVISTA DE ESTUDOS DA LINGUAGEM,B3
2666-3899,PATTERNS,A3
2675-2824,OCEAN AND COASTAL RESEARCH,B3
2624-8212,FRONTIERS IN ARTIFICIAL INTELLIGENCE,B1
0268-1900,INTERNATIONAL JOURNAL OF MATERIALS & PRODUCT TECHNOLOGY,B2
0100-4042,QUÍMICA NOVA,B2
0100-4042,QUÍMICA NOVA (IMPRESSO),B2
0037-8682,REVISTA DA SOCIEDADE BRASILEIRA DE MEDICINA TROPICAL (IMPRESSO),B1
0949-1775,ACCREDITATION AND QUALITY ASSURANCE,B1
0039-7660,SYLWAN,B3
0916-8508,"IEICE TRANSACTIONS ON FUNDAMENTALS OF ELECTRONICS, COMMUNICATIONS AND COMPUTER SCIENCE",B2
0094-6354,A.A.N.A. JOURNAL,B1
0095-9782,JOURNAL OF SOLUTION CHEMISTRY,B1
0926-6801,JOURNAL OF HIGH SPEED NETWORKS,B3
1546-1955,JOURNAL OF COMPUTATIONAL AND THEORETICAL NANOSCIENCE,B3
0911-0119,GRAPHS AND COMBINATORICS,B2
1614-5046,INNOVATIONS IN SYSTEMS AND SOFTWARE ENGINEERING (PRINT),B1
1521-3250,"EMERGENCE (MAHWAH, N.J.)",B2
1519-3829,REVISTA BRASILEIRA DE SAUDE MATERNO INFANTIL,B2
1517-9702,EDUCAÇÃO E PESQUISA (USP.IMPRESSO),B3
0129-0541,INTERNATIONAL JOURNAL OF FOUNDATIONS OF COMPUTER SCIENCE,B3
0218-2130,INTERNATIONAL JOURNAL ON ARTIFICIAL INTELLIGENCE TOOLS,B2
1516-8484,REVISTA BRASILEIRA DE HEMATOLOGIA E HEMOTERAPIA,B2
1860-949X,STUDIES IN COMPUTATIONAL INTELLIGENCE,B2
1860-949X,STUDIES IN COMPUTATIONAL INTELLIGENCE,B2
0716-0917,PROYECCIONES (OPEN ACCESS),B1
0101-7438,PESQUISA OPERACIONAL (IMPRESSO),B3
2194-5357,ADVANCES IN INTELLIGENT SYSTEMS AND COMPUTING,B2
2194-5357,ADVANCES IN INTELLIGENT SYSTEMS AND COMPUTING,B2
1748-5045,INTERNATIONAL JOURNAL OF INDUSTRIAL AND SYSTEMS ENGINEERING,B2
1365-8050,DISCRETE MATHEMATICS AND THEORETICAL COMPUTER SCIENCE (ONLINE),B1
2316-9915,INTERNATIONAL JOURNAL OF COMPUTER ARCHITECTURE EDUCATION (IJCAE),B2
1984-2902,ISYS: REVISTA BRASILEIRA DE SISTEMAS DE INFORMAÇÃO,B2
nulo,JOURNAL ON INTERACTIVE SYSTEMS (JIS),B2
2236-3297,SBC JOURNAL ON 3D INTERACTIVE SYSTEMS,B2
0798-1015,ESPACIOS (CARACAS),B3
0718-3291,INGENIARE. REVISTA CHILENA DE INGENIERÍA (IMPRESA),B3
0100-5405,SUMMA PHYTOPATHOLOGICA (IMPRESSO),B3
1741-1068,INTERNATIONAL JOURNAL OF EMBEDDED SYSTEMS,B3
0065-3438,ADVANCES IN THE ASTRONAUTICAL SCIENCES,B3
1940-1736,MITOCHONDRIAL DNA,B3
1546-1998,JOURNAL OF LOW POWER ELECTRONICS (PRINT),B3
1742-6588,JOURNAL OF PHYSICS: CONFERENCE SERIES,B3
0988-3754,INFORMATIQUE THÉORIQUE ET APPLICATIONS (IMPRIMÉ),B1
1476-1289,INTERNATIONAL JOURNAL OF WEB ENGINEERING AND TECHNOLOGY,B4
1747-8405,INTERNATIONAL JOURNAL OF SECURITY AND NETWORKS (PRINT),B2
1517-7076,MATÉRIA (UFRJ),B3
1540-9589,JOURNAL OF WEB ENGINEERING,B3
0033-2097,PRZEGLAD ELEKTROTECHNICZNY,B3
1213-6972,"JOURNAL OF WSCG (PLZEN, PRINT)",B3
0926-9630,STUDIES IN HEALTH TECHNOLOGY AND INFORMATICS,B2
1756-0764,INTERNATIONAL JOURNAL OF COMPUTATIONAL BIOLOGY AND DRUG DESIGN (ONLINE),B3
1343-0130,JOURNAL OF ADVANCED COMPUTATIONAL INTELLIGENCE AND INTELLIGENT INFORMATICS,B3
1808-2882,CUSTOS E @GRONEGÓCIO ONLINE,B3
1755-0653,INTERNATIONAL JOURNAL OF MEDICAL ENGINEERING AND INFORMATICS,B2
0213-1315,REVISTA INTERNACIONAL DE MÉTODOS NUMÉRICOS PARA CÁLCULO Y DISEÑO EN INGENIERÍA,B3
0835-3026,JCMCC. JOURNAL OF COMBINATORIAL MATHEMATICS AND COMBINATORIAL COMPUTING,B3
1942-3926,INTERNATIONAL JOURNAL OF OPEN SOURCE SOFTWARE AND PROCESSES,B3
1058-9244,SCIENTIFIC PROGRAMMING,B3
1975-0080,INTERNATIONAL JOURNAL OF MULTIMEDIA AND UBIQUITOUS ENGINEERING,B3
1759-1163,"INTERNATIONAL JOURNAL OF DATA MINING, MODELLING AND MANAGEMENT",B3
1574-1702,MULTIAGENT AND GRID SYSTEMS,B2
1755-8050,INTERNATIONAL JOURNAL OF DATA ANALYSIS TECHNIQUES AND STRATEGIES,B3
1872-4981,INTELLIGENT DECISION TECHNOLOGIES,B3
1613-0073,CENTRAL EUROPE CEUR WORKSHOP PROCEEDINGS,B3
1947-3532,INTERNATIONAL JOURNAL OF DISTRIBUTED SYSTEMS AND TECHNOLOGIES,B3
2251-9149,INTERNATIONAL CARDIOVASCULAR RESEARCH JOURNAL,B4
0891-2513,COMPLEX SYSTEMS,B2
1982-4351,REVISTA BRASILEIRA DE METEOROLOGIA,B3
0007-5922,MITTEILUNGEN KLOSTERNEUBURG,B2
2169-8287,GENOME ANNOUNCEMENTS,B3
2446-4740,RESEARCH ON BIOMEDICAL ENGINEERING,B2
2238-1171,REVISTA DE CIÊNCIAS AGROVETERINÁRIAS,B3
0120-0976,REVISTA INTERAMERICANA DE BIBLIOTECOLOGIA,B2
2172-038X,RENEWABLE ENERGY & POWER QUALITY JOURNAL (RE&PQJ),B3
2172-038X,RENEWABLE ENERGY & POWER QUALITY JOURNAL (RE&PQJ),B3
2349-0918,SSRG INTERNATIONAL JOURNAL OF ENGINEERING TRENDS AND TECHNOLOGY,B2
1983-0823,REVISTA BRASILEIRA DE BIOMETRIA,B3
1983-0823,REVISTA BRASILEIRA DE BIOMETRIA,B3
1983-0823,REVISTA BRASILEIRA DE BIOMETRIA ONLINE,B3
1679-8171,BRAZILIAN JOURNAL OF OPERATIONS AND PRODUCTION MANAGEMENT,A4
2451-9588,COMPUTERS IN HUMAN BEHAVIOR REPORTS (Open Access),A4
1335-9150,COMPUTING AND INFORMATICS,B2
1137-3601,INTELIGENCIA ARTIFICIAL,B3
0002-9890,THE AMERICAN MATHEMATICAL MONTHLY,B3
0381-7032,ARS COMBINATORIA,B4
0956-7968,JOURNAL OF FUNCTIONAL PROGRAMMING,B3
1660-1769,JOURNAL OF OBJECT TECHNOLOGY,B2
0218-1959,INTERNATIONAL JOURNAL OF COMPUTATIONAL GEOMETRY AND APPLICATIONS,B3
0255-5476,MATERIALS SCIENCE FORUM,B3
1662-9752,MATERIALS SCIENCE FORUM (ONLINE),B3
1468-4330,INTERNATIONAL JOURNAL OF MANAGEMENT AND ENTERPRISE DEVELOPMENT (PRINT),B2
1743-8187,INTERNATIONAL JOURNAL OF BUSINESS INTELLIGENCE AND DATA MINING,B2
1744-5493,INTERNATIONAL JOURNAL OF BIOINFORMATICS RESEARCH AND APPLICATIONS (ONLINE),B3
1744-5485,INTERNATIONAL JOURNAL OF BIOINFORMATICS RESEARCH AND APPLICATIONS (PRINT),B3
1741-8763,INTERNATIONAL JOURNAL OF BUSINESS PROCESS INTEGRATION AND MANAGEMENT (PRINT),B3
1544-3574,COMPUTERS IN ENTERTAINMENT,B3
1544-3574,COMPUTERS IN ENTERTAINMENT (CIE),B3
1413-7895,IRRIGA (UNESP BOTUCATU),B3
1470-9503,INTERNATIONAL JOURNAL OF NETWORKING AND VIRTUAL ORGANISATIONS,B3
1741-8410,INTERNATIONAL JOURNAL OF MICROSTRUCTURE AND MATERIALS PROPERTIES (PRINT),B3
1809-239X,REVISTA BRASILEIRA DE GESTÃO E DESENVOLVIMENTO REGIONAL,B2
0324-8569,CONTROL AND CYBERNETICS,B4
1790-0832,WSEAS TRANSACTIONS ON INFORMATION SCIENCE AND APPLICATIONS,B4
1676-4285,ONLINE BRAZILIAN JOURNAL OF NURSING,B4
1346-0714,TRANSACTIONS OF THE JAPANESE SOCIETY FOR ARTIFICIAL INTELLIGENCE,B4
0714-0045,SURVEY METHODOLOGY,B4
0972-9038,INTERNATIONAL JOURNAL OF COMPUTER SCIENCE AND APPLICATIONS (ONLINE),B4
1751-648X,INTERNATIONAL JOURNAL OF INNOVATIVE COMPUTING AND APPLICATIONS,B3
1751-6498,INTERNATIONAL JOURNAL OF INNOVATIVE COMPUTING AND APPLICATIONS (ONLINE),B3
1751-648X,INTERNATIONAL JOURNAL OF INNOVATIVE COMPUTING AND APPLICATIONS (PRINT),B3
0034-7264,RBM. REVISTA BRASILEIRA DE MEDICINA (RIO DE JANEIRO),B4
1680-0737,IFMBE PROCEEDINGS,B4
1751-6536,INTERNATIONAL JOURNAL OF HIGH PERFORMANCE SYSTEMS ARCHITECTURE,B4
1473-8031,"INTERNATIONAL JOURNAL OF SIMULATION: SYSTEMS, SCIENCE & TECHNOLOGY (PRINT)",B4
1517-3151,REVISTA BRASILEIRA DE ENGENHARIA BIOMÉDICA,B4
1517-3151,REVISTA BRASILEIRA DE ENGENHARIA BIOMÉDICA,B4
1877-6132,RECENT PATENTS ON MEDICAL IMAGING,B4
1646-9895,RISTI - REVISTA IBERICA DE SISTEMAS E TECNOLOGIAS DE INFORMACAO,B4
1932-2232,ACM COMMUNICATIONS IN COMPUTER ALGEBRA,B4
1330-1136,JOURNAL OF COMPUTING AND INFORMATION TECHNOLOGY,B4
1756-2104,INTERNATIONAL JOURNAL OF FUNCTIONAL INFORMATICS AND PERSONALISED MEDICINE (PRINT),B4
1672-3813,COMPLEX SYSTEMS AND COMPLEXITY SCIENCE,B4
2190-3018,"SMART INNOVATION, SYSTEMS AND TECHNOLOGIES",B4
1929-7092,JOURNAL OF REVIEWS ON GLOBAL ECONOMICS,B4
1863-2122,ELECTRONIC COMMUNICATIONS OF THE EASST,B4
2415-6698,"ADVANCES IN SCIENCE, TECHNOLOGY AND ENGINEERING SYSTEMS",B4
2175-2745,REVISTA DE INFORMÁTICA TEÓRICA E APLICADA,B4
0103-4308,REVISTA DE INFORMÃTICA TEÕRICA E APLICADA,B4
0103-4308,REVISTA DE INFORMÁTICA TEÓRICA E APLICADA (IMPRESSO),B4
2175-2745,REVISTA DE INFORMÁTICA TEÓRICA E APLICADA: RITA,B4
1980-8178,REVISTA DE PATOLOGIA TROPICAL (ONLINE),B4
1657-2831,REVISTA COLOMBIANA DE COMPUTACION,B4
1808-0936,RBC. REVISTA BRASILEIRA DE CARTOGRAFIA (ONLINE),B3
1518-2924,ENCONTROS BIBLI,B3
2032-9806,SIGNATA: ANNALES DES SÉMIOTIQUES,B3
0718-7912,CHILEAN JOURNAL OF STATISTICS,B2
1666-6038,JOURNAL OF COMPUTER SCIENCE AND TECHNOLOGY (LA PLATA. EN LÍNEA),B4
1989-1660,THE INTERNATIONAL JOURNAL OF INTERACTIVE MULTIMEDIA AND ARTIFICIAL INTELLIGENCE - IJIMAI,A4
1980-5918,FISIOTERAPIA EM MOVIMENTO,B4
2665-9638,SOFTWARE IMPACTS,B3
0717-5000,CLEI ELECTRONIC JOURNAL,B4
1676-5680,GENETICS AND MOLECULAR RESEARCH,B4
1676-5680,GENETICS AND MOLECULAR RESEARCH,B4
0289-6540,COMPUTER SOFTWARE,B4
0081-3869,SPRINGER TRACTS IN MODERN PHYSICS,B4
nulo,COMPUTAÇÃO BRASIL,C
2175-9235,SBC HORIZONTES,C
2306-5354,BIOENGINEERING (Open Access),B2
1855-3966,ARS MATHEMATICA CONTEMPORANEA,A3
2666-5212,INTELLIGENCE-BASED MEDICINE (Open Access),A4
1471-678X,IMA JOURNAL OF MANAGEMENT MATHEMATICS,A2
1664-3224,FRONTIERS IN IMMUNOLOGY (Open Access),A2
0163-5999,PERFORMANCE EVALUATION REVIEW,B3
2332-7790,IEEE TRANSACTIONS ON BIG DATA,A2
0103-2100,ACTA PAULISTA DE ENFERMAGEM (Open Access),A2
1553-3077,ACM TRANSACTIONS ON STORAGE,B1
0144-8463,BIOSCIENCE REPORTS (Open Access),A2
2328-8957,OPEN FORUM INFECTIOUS DISEASES (Open Access),A3
2398-6247,INFORMATION DISCOVERY AND DELIVERY,A2
0933-2790,JOURNAL OF CRYPTOLOGY,A1
0925-1022,"DESIGNS, CODES, AND CRYPTOGRAPHY",A1
2475-1472,IEEE SENSORS LETTERS,A3
1663-9812,FRONTIERS IN PHARMACOLOGY (Open Access),A2
2384-8766,INTERNATIONAL JOURNAL OF SERIOUS GAMES (Open Access),A3
2157-2100,JOURNAL OF EDUCATIONAL DATA MINING (JEDM),A2
1871-4080,COGNITIVE NEURODYNAMICS,A3
0927-7099,COMPUTATIONAL ECONOMICS,A2
2405-9188,JOURNAL OF FINANCE AND DATA SCIENCE (Open Access),A1
2167-8375,ACM TRANSACTIONS ON ECONOMICS AND COMPUTATION,A1
0196-9722,CYBERNETICS AND SYSTEMS,A4
0933-5846,ARCHIVE FOR MATHEMATICAL LOGIC,A2
0926-227X,JOURNAL OF COMPUTER SECURITY,B1
1571-0661,ELECTRONIC NOTES IN THEORETICAL COMPUTER SCIENCE (Open Access),B2
1544-3558,ACM TRANSACTIONS ON APPLIED PERCEPTION,A3
1600-1974,SATS – NORTHERN EUROPEAN JOURNAL OF PHILOSOPHY,A4
2411-7145,EAI ENDORSED TRANSACTIONS ON PERVASIVE HEALTH AND TECHNOLOGY (Open Access),A4
1679-1916,RENOTE. REVISTA NOVAS TECNOLOGIAS NA EDUCAÇÃO,A4
1519-8219,REIC. REVISTA ELETRÔNICA DE INICIAÇÃO CIENTÍFICA (ONLINE),C
2073-4859,R JOURNAL,A3
0740-8188,LIBRARY AND INFORMATION SCIENCE RESEARCH,A2
2193-567X,ARABIAN JOURNAL FOR SCIENCE AND ENGINEERING,A2
0037-0738,SEDIMENTARY GEOLOGY,A2
0165-1781,PSYCHIATRY RESEARCH,A1
1053-587X,IEEE TRANSACTIONS ON SIGNAL PROCESSING,A1
2076-0760,SOCIAL SCIENCES (Open Access),A2
1687-9600 ,JOURNAL OF ROBOTICS (Open Access),A4
2399-3650,COMMUNICATIONS PHYSICS (Open Access),A1
0826-8185,INTERNATIONAL JOURNAL OF ROBOTICS AND AUTOMATION,B2
0304-3797,EUROPEAN JOURNAL OF ENGINEERING EDUCATION,A1
0250-832X,DENTOMAXILLOFACIAL RADIOLOGY,A2
2662-2556,OPERATIONS RESEARCH FORUM,B2
2168-2291,IEEE TRANSACTIONS ON HUMAN-MACHINE SYSTEMS,A2
2631-7680,IET SMART CITIES (Open Access),A1
1945-2829,JOURNAL OF HUMAN DEVELOPMENT AND CAPABILITIES,A3
2157-9288,JOURNAL OF PRE-COLLEGE ENGINEERING EDUCATION RESEARCH (Open Access),A2
1046-8781,SIMULATION AND GAMING,A2
2731-538X,MACHINE INTELLIGENCE RESEARCH,A1
1754-890X,INTERNATIONAL JOURNAL OF MINING AND MINERAL ENGINEERING,B1
2331-1916,COGENT ENGINEERING (Open Access),A3
2075-163X,MINERALS (Open Access),A3
2296-701X,FRONTIERS IN ECOLOGY AND EVOLUTION (Open Access),A3
2452-414X,JOURNAL OF INDUSTRIAL INFORMATION INTEGRATION,A1
2635-0041,BIOINFORMATICS ADVANCES (Open Access),B4
1783-7677,JOURNAL ON MULTIMODAL USER INTERFACES,A3
0102-261X,REVISTA BRASILEIRA DE GEOFISICA,B4
0264-410X,VACCINE,A1
2662-995X,SN COMPUTER SCIENCE,A2
1754-3916,INTERNATIONAL JOURNAL OF COMMUNICATION NETWORKS AND DISTRIBUTED SYSTEMS,B1
2624-6511,SMART CITIES (Open Access),A1
2352-4855,REGIONAL STUDIES IN MARINE SCIENCE,A2
2666-920X,COMPUTERS AND EDUCATION: ARTIFICIAL INTELLIGENCE (Open Access),A1
2667-0968,INTERNATIONAL JOURNAL OF INFORMATION MANAGEMENT DATA INSIGHTS (Open Access),A1
2630-5046,JOURNAL OF AUTONOMOUS INTELLIGENCE,B3
